filename,relative_path,cluster_id,mood_id,mood_name_ko,mood_name_en,tags,color_tag,is_representative,source,notes
003173ba15fc.jpg,003173ba15fc.jpg,6,monochrome_minimal,모노톤 미니멀,monochrome minimalist interior,"monochrome,minimal",,False,ohou.se,
003e0ad2bc74.jpg,003e0ad2bc74.jpg,2,minimal_white,미니멀 화이트,minimal white scandinavian room,"minimal,white",,False,ohou.se,
00884faa6000.jpg,00884faa6000.jpg,2,minimal_white,미니멀 화이트,minimal white scandinavian room,"minimal,white",,False,ohou.se,
00e1d32f2692.jpg,00e1d32f2692.jpg,2,minimal_white,미니멀 화이트,minimal white scandinavian room,"minimal,white",,False,ohou.se,
017ccbeb4150.jpg,017ccbeb4150.jpg,2,minimal_white,미니멀 화이트,minimal white scandinavian room,"minimal,white",,False,ohou.se,
01a3a801d075.JPG,01a3a801d075.JPG,3,luxury_modern,럭셔리 모던,luxury modern studio apartment,"luxury,modern",,False,ohou.se,
01c706b7aedb.jpg,01c706b7aedb.jpg,2,minimal_white,미니멀 화이트,minimal white scandinavian room,"minimal,white",,False,ohou.se,
01e05d6e5746.jpg,01e05d6e5746.jpg,0,cute_pastel,파스텔 귀여운,cute pastel room decor,"cute,pastel",,False,ohou.se,
02156ebbb775.jpg,02156ebbb775.jpg,4,plant_green,플랜트 그린,plant-filled green interior,"plant,green",,False,ohou.se,
022be5d6c932.jpeg,022be5d6c932.jpeg,2,minimal_white,미니멀 화이트,minimal white scandinavian room,"minimal,white",,False,ohou.se,
0248d699e896.jpg,0248d699e896.jpg,1,modern_grey,모던 그레이,modern grey industrial studio,"modern,grey",,False,ohou.se,
025d1e5cf719.jpg,025d1e5cf719.jpg,2,minimal_white,미니멀 화이트,minimal white scandinavian room,"minimal,white",,False,ohou.se,
0285a9357c0d.jpeg,0285a9357c0d.jpeg,2,minimal_white,미니멀 화이트,minimal white scandinavian room,"minimal,white",,False,ohou.se,
02ca14381de9.jpg,02ca14381de9.jpg,1,modern_grey,모던 그레이,modern grey industrial studio,"modern,grey",,False,ohou.se,
030005148aa9.jpg,030005148aa9.jpg,6,monochrome_minimal,모노톤 미니멀,monochrome minimalist interior,"monochrome,minimal",,False,ohou.se,
03028b10de43.jpg,03028b10de43.jpg,7,natural_wood,내추럴 우드,natural wood tone small room,"natural,wood",,False,ohou.se,
03598abe2981.jpg,03598abe2981.jpg,2,minimal_white,미니멀 화이트,minimal white scandinavian room,"minimal,white",,False,ohou.se,
03926d5243b2.jpg,03926d5243b2.jpg,3,luxury_modern,럭셔리 모던,luxury modern studio apartment,"luxury,modern",,False,ohou.se,
03a6878d5ac7.jpeg,03a6878d5ac7.jpeg,2,minimal_white,미니멀 화이트,minimal white scandinavian room,"minimal,white",,False,ohou.se,
03ae67ba4c88.jpg,03ae67ba4c88.jpg,4,plant_green,플랜트 그린,plant-filled green interior,"plant,green",,False,ohou.se,
03c769876d54.jpg,03c769876d54.jpg,4,plant_green,플랜트 그린,plant-filled green interior,"plant,green",,False,ohou.se,
043228701c2f.jpg,043228701c2f.jpg,2,minimal_white,미니멀 화이트,minimal white scandinavian room,"minimal,white",,False,ohou.se,
047c255a30f5.jpeg,047c255a30f5.jpeg,3,luxury_modern,럭셔리 모던,luxury modern studio apartment,"luxury,modern",,False,ohou.se,
049484c2082e.jpg,049484c2082e.jpg,6,monochrome_minimal,모노톤 미니멀,monochrome minimalist interior,"monochrome,minimal",,True,ohou.se,
04999585f349.jpg,04999585f349.jpg,1,modern_grey,모던 그레이,modern grey industrial studio,"modern,grey",,False,ohou.se,
04dc0a188a88.jpeg,04dc0a188a88.jpeg,2,minimal_white,미니멀 화이트,minimal white scandinavian room,"minimal,white",,False,ohou.se,
04f6de4fd65b.jpg,04f6de4fd65b.jpg,2,minimal_white,미니멀 화이트,minimal white scandinavian room,"minimal,white",,False,ohou.se,
051c15e337ee.png,051c15e337ee.png,6,monochrome_minimal,모노톤 미니멀,monochrome minimalist interior,"monochrome,minimal",,False,ohou.se,
0535c682a607.png,0535c682a607.png,2,minimal_white,미니멀 화이트,minimal white scandinavian room,"minimal,white",,False,ohou.se,
05790fa5a279.jpg,05790fa5a279.jpg,6,monochrome_minimal,모노톤 미니멀,monochrome minimalist interior,"monochrome,minimal",,False,ohou.se,
0598ff32dc66.jpg,0598ff32dc66.jpg,8,vintage_retro,빈티지 레트로,vintage retro small room,"vintage,retro",,False,ohou.se,
06303db52824.jpg,06303db52824.jpg,1,modern_grey,모던 그레이,modern grey industrial studio,"modern,grey",,False,ohou.se,
063bd42c1180.jpg,063bd42c1180.jpg,5,warm_cozy,따뜻한 코지 원룸,warm cozy studio apartment interior,"warm,cozy",,True,ohou.se,
069951a66fea.jpg,069951a66fea.jpg,4,plant_green,플랜트 그린,plant-filled green interior,"plant,green",,False,ohou.se,
07240a43ecce.jpg,07240a43ecce.jpg,3,luxury_modern,럭셔리 모던,luxury modern studio apartment,"luxury,modern",,False,ohou.se,
0792b2549b8a.jpg,0792b2549b8a.jpg,4,plant_green,플랜트 그린,plant-filled green interior,"plant,green",,False,ohou.se,
07d32a0db8a7.jpg,07d32a0db8a7.jpg,8,vintage_retro,빈티지 레트로,vintage retro small room,"vintage,retro",,False,ohou.se,
07dc68238433.jpg,07dc68238433.jpg,1,modern_grey,모던 그레이,modern grey industrial studio,"modern,grey",,False,ohou.se,
0840c1b68906.jpg,0840c1b68906.jpg,6,monochrome_minimal,모노톤 미니멀,monochrome minimalist interior,"monochrome,minimal",,True,ohou.se,
084c44d994da.jpeg,084c44d994da.jpeg,2,minimal_white,미니멀 화이트,minimal white scandinavian room,"minimal,white",,False,ohou.se,
085b21a74e3b.jpg,085b21a74e3b.jpg,4,plant_green,플랜트 그린,plant-filled green interior,"plant,green",,False,ohou.se,
08634db0e5ec.jpeg,08634db0e5ec.jpeg,5,warm_cozy,따뜻한 코지 원룸,warm cozy studio apartment interior,"warm,cozy",,False,ohou.se,
089c447eb8ab.jpg,089c447eb8ab.jpg,6,monochrome_minimal,모노톤 미니멀,monochrome minimalist interior,"monochrome,minimal",,False,ohou.se,
08f31336961b.jpg,08f31336961b.jpg,8,vintage_retro,빈티지 레트로,vintage retro small room,"vintage,retro",,False,ohou.se,
09530a53c487.jpg,09530a53c487.jpg,1,modern_grey,모던 그레이,modern grey industrial studio,"modern,grey",,True,ohou.se,
0998ce5a1ef2.jpg,0998ce5a1ef2.jpg,1,modern_grey,모던 그레이,modern grey industrial studio,"modern,grey",,False,ohou.se,
0b06837bb4ed.jpg,0b06837bb4ed.jpg,4,plant_green,플랜트 그린,plant-filled green interior,"plant,green",,False,ohou.se,
0b5de2d95575.jpg,0b5de2d95575.jpg,2,minimal_white,미니멀 화이트,minimal white scandinavian room,"minimal,white",,False,ohou.se,
0bdebb72115d.jpg,0bdebb72115d.jpg,2,minimal_white,미니멀 화이트,minimal white scandinavian room,"minimal,white",,False,ohou.se,
0bf8192074f8.jpg,0bf8192074f8.jpg,5,warm_cozy,따뜻한 코지 원룸,warm cozy studio apartment interior,"warm,cozy",,False,ohou.se,
0c0337d36b21.jpg,0c0337d36b21.jpg,8,vintage_retro,빈티지 레트로,vintage retro small room,"vintage,retro",,False,ohou.se,
0c4df9f4ca8c.jpg,0c4df9f4ca8c.jpg,1,modern_grey,모던 그레이,modern grey industrial studio,"modern,grey",,False,ohou.se,
0c6bda857189.jpg,0c6bda857189.jpg,7,natural_wood,내추럴 우드,natural wood tone small room,"natural,wood",,False,ohou.se,
0c97d5a09116.jpg,0c97d5a09116.jpg,4,plant_green,플랜트 그린,plant-filled green interior,"plant,green",,False,ohou.se,
0cb5d59c1382.jpg,0cb5d59c1382.jpg,6,monochrome_minimal,모노톤 미니멀,monochrome minimalist interior,"monochrome,minimal",,False,ohou.se,
0cf5c7de3708.jpg,0cf5c7de3708.jpg,6,monochrome_minimal,모노톤 미니멀,monochrome minimalist interior,"monochrome,minimal",,False,ohou.se,
0cfdf353e64c.jpg,0cfdf353e64c.jpg,6,monochrome_minimal,모노톤 미니멀,monochrome minimalist interior,"monochrome,minimal",,False,ohou.se,
0d9493debbc2.jpg,0d9493debbc2.jpg,3,luxury_modern,럭셔리 모던,luxury modern studio apartment,"luxury,modern",,False,ohou.se,
0d99e9b6a560.jpg,0d99e9b6a560.jpg,6,monochrome_minimal,모노톤 미니멀,monochrome minimalist interior,"monochrome,minimal",,False,ohou.se,
0da58419da3d.jpg,0da58419da3d.jpg,8,vintage_retro,빈티지 레트로,vintage retro small room,"vintage,retro",,False,ohou.se,
0deecbe1d600.jpg,0deecbe1d600.jpg,4,plant_green,플랜트 그린,plant-filled green interior,"plant,green",,False,ohou.se,
0df631686a0d.jpg,0df631686a0d.jpg,1,modern_grey,모던 그레이,modern grey industrial studio,"modern,grey",,False,ohou.se,
0e071c3da348.jpg,0e071c3da348.jpg,2,minimal_white,미니멀 화이트,minimal white scandinavian room,"minimal,white",,False,ohou.se,
0e0874214f0a.jpg,0e0874214f0a.jpg,1,modern_grey,모던 그레이,modern grey industrial studio,"modern,grey",,False,ohou.se,
0e0f1dbc29b1.jpg,0e0f1dbc29b1.jpg,1,modern_grey,모던 그레이,modern grey industrial studio,"modern,grey",,False,ohou.se,
0e383c95395d.jpg,0e383c95395d.jpg,6,monochrome_minimal,모노톤 미니멀,monochrome minimalist interior,"monochrome,minimal",,False,ohou.se,
0e5bdca03bf5.jpeg,0e5bdca03bf5.jpeg,1,modern_grey,모던 그레이,modern grey industrial studio,"modern,grey",,False,ohou.se,
0e84d6dc1ee1.jpg,0e84d6dc1ee1.jpg,0,cute_pastel,파스텔 귀여운,cute pastel room decor,"cute,pastel",,False,ohou.se,
0e85c4bab087.jpg,0e85c4bab087.jpg,0,cute_pastel,파스텔 귀여운,cute pastel room decor,"cute,pastel",,False,ohou.se,
0eb378a4cda6.jpeg,0eb378a4cda6.jpeg,6,monochrome_minimal,모노톤 미니멀,monochrome minimalist interior,"monochrome,minimal",,False,ohou.se,
0eef370db811.png,0eef370db811.png,1,modern_grey,모던 그레이,modern grey industrial studio,"modern,grey",,False,ohou.se,
0f035a59e6fb.jpg,0f035a59e6fb.jpg,6,monochrome_minimal,모노톤 미니멀,monochrome minimalist interior,"monochrome,minimal",,False,ohou.se,
0f0b1b12bc03.jpg,0f0b1b12bc03.jpg,2,minimal_white,미니멀 화이트,minimal white scandinavian room,"minimal,white",,False,ohou.se,
0f646d643090.jpg,0f646d643090.jpg,3,luxury_modern,럭셔리 모던,luxury modern studio apartment,"luxury,modern",,False,ohou.se,
0f7c5588e052.jpg,0f7c5588e052.jpg,4,plant_green,플랜트 그린,plant-filled green interior,"plant,green",,False,ohou.se,
0f852365d19d.jpg,0f852365d19d.jpg,4,plant_green,플랜트 그린,plant-filled green interior,"plant,green",,False,ohou.se,
0f8dbd42a9ec.jpg,0f8dbd42a9ec.jpg,8,vintage_retro,빈티지 레트로,vintage retro small room,"vintage,retro",,False,ohou.se,
1048da05805c.jpg,1048da05805c.jpg,7,natural_wood,내추럴 우드,natural wood tone small room,"natural,wood",,False,ohou.se,
1052bdc9d02d.jpg,1052bdc9d02d.jpg,1,modern_grey,모던 그레이,modern grey industrial studio,"modern,grey",,False,ohou.se,
10558c08cdc4.jpg,10558c08cdc4.jpg,6,monochrome_minimal,모노톤 미니멀,monochrome minimalist interior,"monochrome,minimal",,False,ohou.se,
106a9ef985b7.jpeg,106a9ef985b7.jpeg,2,minimal_white,미니멀 화이트,minimal white scandinavian room,"minimal,white",,False,ohou.se,
107613e09ef1.webp,107613e09ef1.webp,1,modern_grey,모던 그레이,modern grey industrial studio,"modern,grey",,False,ohou.se,
109a047ba562.jpeg,109a047ba562.jpeg,1,modern_grey,모던 그레이,modern grey industrial studio,"modern,grey",,False,ohou.se,
10b4d92b0572.jpg,10b4d92b0572.jpg,6,monochrome_minimal,모노톤 미니멀,monochrome minimalist interior,"monochrome,minimal",,False,ohou.se,
11078eca200c.jpg,11078eca200c.jpg,3,luxury_modern,럭셔리 모던,luxury modern studio apartment,"luxury,modern",,False,ohou.se,
11469e971dc9.jpg,11469e971dc9.jpg,3,luxury_modern,럭셔리 모던,luxury modern studio apartment,"luxury,modern",,False,ohou.se,
1154a4e03bee.jpg,1154a4e03bee.jpg,1,modern_grey,모던 그레이,modern grey industrial studio,"modern,grey",,False,ohou.se,
116aa83d0d94.jpg,116aa83d0d94.jpg,6,monochrome_minimal,모노톤 미니멀,monochrome minimalist interior,"monochrome,minimal",,False,ohou.se,
1194d772cc2d.jpg,1194d772cc2d.jpg,2,minimal_white,미니멀 화이트,minimal white scandinavian room,"minimal,white",,False,ohou.se,
11d482646496.jpg,11d482646496.jpg,8,vintage_retro,빈티지 레트로,vintage retro small room,"vintage,retro",,False,ohou.se,
11de68d5220f.jpg,11de68d5220f.jpg,3,luxury_modern,럭셔리 모던,luxury modern studio apartment,"luxury,modern",,False,ohou.se,
11f497f22ee2.jpg,11f497f22ee2.jpg,0,cute_pastel,파스텔 귀여운,cute pastel room decor,"cute,pastel",,False,ohou.se,
1230a0fbb802.jpg,1230a0fbb802.jpg,8,vintage_retro,빈티지 레트로,vintage retro small room,"vintage,retro",,False,ohou.se,
1263daae80d9.jpg,1263daae80d9.jpg,2,minimal_white,미니멀 화이트,minimal white scandinavian room,"minimal,white",,False,ohou.se,
1271403eedfe.jpg,1271403eedfe.jpg,3,luxury_modern,럭셔리 모던,luxury modern studio apartment,"luxury,modern",,False,ohou.se,
12914ee4cb30.jpg,12914ee4cb30.jpg,1,modern_grey,모던 그레이,modern grey industrial studio,"modern,grey",,False,ohou.se,
12b6d7326831.jpg,12b6d7326831.jpg,3,luxury_modern,럭셔리 모던,luxury modern studio apartment,"luxury,modern",,True,ohou.se,
12d7f18e0e73.jpg,12d7f18e0e73.jpg,3,luxury_modern,럭셔리 모던,luxury modern studio apartment,"luxury,modern",,False,ohou.se,
12f1193ca3cd.jpg,12f1193ca3cd.jpg,8,vintage_retro,빈티지 레트로,vintage retro small room,"vintage,retro",,False,ohou.se,
1313673e34ef.jpg,1313673e34ef.jpg,0,cute_pastel,파스텔 귀여운,cute pastel room decor,"cute,pastel",,False,ohou.se,
1352d19e3302.jpg,1352d19e3302.jpg,6,monochrome_minimal,모노톤 미니멀,monochrome minimalist interior,"monochrome,minimal",,False,ohou.se,
13a163ca65ea.jpg,13a163ca65ea.jpg,3,luxury_modern,럭셔리 모던,luxury modern studio apartment,"luxury,modern",,False,ohou.se,
13cda50e64e6.jpg,13cda50e64e6.jpg,5,warm_cozy,따뜻한 코지 원룸,warm cozy studio apartment interior,"warm,cozy",,False,ohou.se,
1494ed319e5c.jpg,1494ed319e5c.jpg,0,cute_pastel,파스텔 귀여운,cute pastel room decor,"cute,pastel",,False,ohou.se,
149afaf6bcb9.jpg,149afaf6bcb9.jpg,1,modern_grey,모던 그레이,modern grey industrial studio,"modern,grey",,False,ohou.se,
14ac435892b8.jpg,14ac435892b8.jpg,6,monochrome_minimal,모노톤 미니멀,monochrome minimalist interior,"monochrome,minimal",,False,ohou.se,
15225d33761b.jpg,15225d33761b.jpg,3,luxury_modern,럭셔리 모던,luxury modern studio apartment,"luxury,modern",,False,ohou.se,
154df7795594.jpg,154df7795594.jpg,2,minimal_white,미니멀 화이트,minimal white scandinavian room,"minimal,white",,False,ohou.se,
15624b186a68.jpg,15624b186a68.jpg,1,modern_grey,모던 그레이,modern grey industrial studio,"modern,grey",,False,ohou.se,
1564c7962871.jpg,1564c7962871.jpg,6,monochrome_minimal,모노톤 미니멀,monochrome minimalist interior,"monochrome,minimal",,False,ohou.se,
1571cb8b1589.jpg,1571cb8b1589.jpg,2,minimal_white,미니멀 화이트,minimal white scandinavian room,"minimal,white",,False,ohou.se,
158a0144ef9c.jpg,158a0144ef9c.jpg,1,modern_grey,모던 그레이,modern grey industrial studio,"modern,grey",,False,ohou.se,
161a3082d600.jpg,161a3082d600.jpg,1,modern_grey,모던 그레이,modern grey industrial studio,"modern,grey",,False,ohou.se,
163d1474a981.jpg,163d1474a981.jpg,2,minimal_white,미니멀 화이트,minimal white scandinavian room,"minimal,white",,False,ohou.se,
164f5dcf7af4.jpg,164f5dcf7af4.jpg,8,vintage_retro,빈티지 레트로,vintage retro small room,"vintage,retro",,False,ohou.se,
16adab5ed0e6.jpg,16adab5ed0e6.jpg,4,plant_green,플랜트 그린,plant-filled green interior,"plant,green",,False,ohou.se,
16d370cbf3e6.jpg,16d370cbf3e6.jpg,2,minimal_white,미니멀 화이트,minimal white scandinavian room,"minimal,white",,False,ohou.se,
16dc3b19ebcf.jpg,16dc3b19ebcf.jpg,2,minimal_white,미니멀 화이트,minimal white scandinavian room,"minimal,white",,False,ohou.se,
16f7c8f419e0.webp,16f7c8f419e0.webp,6,monochrome_minimal,모노톤 미니멀,monochrome minimalist interior,"monochrome,minimal",,False,ohou.se,
16fc22e3ea94.jpg,16fc22e3ea94.jpg,1,modern_grey,모던 그레이,modern grey industrial studio,"modern,grey",,False,ohou.se,
1715a8bce94d.jpg,1715a8bce94d.jpg,6,monochrome_minimal,모노톤 미니멀,monochrome minimalist interior,"monochrome,minimal",,False,ohou.se,
175165e9ab13.jpeg,175165e9ab13.jpeg,6,monochrome_minimal,모노톤 미니멀,monochrome minimalist interior,"monochrome,minimal",,False,ohou.se,
17733e03ffa9.webp,17733e03ffa9.webp,1,modern_grey,모던 그레이,modern grey industrial studio,"modern,grey",,False,ohou.se,
177d031cbab6.jpeg,177d031cbab6.jpeg,1,modern_grey,모던 그레이,modern grey industrial studio,"modern,grey",,False,ohou.se,
17a6a29a8b91.jpg,17a6a29a8b91.jpg,8,vintage_retro,빈티지 레트로,vintage retro small room,"vintage,retro",,False,ohou.se,
17bfb468d282.jpg,17bfb468d282.jpg,0,cute_pastel,파스텔 귀여운,cute pastel room decor,"cute,pastel",,False,ohou.se,
17ee191e62db.jpg,17ee191e62db.jpg,3,luxury_modern,럭셔리 모던,luxury modern studio apartment,"luxury,modern",,False,ohou.se,
183de2b77efb.jpg,183de2b77efb.jpg,6,monochrome_minimal,모노톤 미니멀,monochrome minimalist interior,"monochrome,minimal",,False,ohou.se,
1869901f2d06.jpg,1869901f2d06.jpg,3,luxury_modern,럭셔리 모던,luxury modern studio apartment,"luxury,modern",,False,ohou.se,
18e4424ad9b5.webp,18e4424ad9b5.webp,0,cute_pastel,파스텔 귀여운,cute pastel room decor,"cute,pastel",,False,ohou.se,
192911c1ef85.jpg,192911c1ef85.jpg,5,warm_cozy,따뜻한 코지 원룸,warm cozy studio apartment interior,"warm,cozy",,False,ohou.se,
194af243614e.jpg,194af243614e.jpg,1,modern_grey,모던 그레이,modern grey industrial studio,"modern,grey",,False,ohou.se,
194fbb18c2bc.jpeg,194fbb18c2bc.jpeg,6,monochrome_minimal,모노톤 미니멀,monochrome minimalist interior,"monochrome,minimal",,False,ohou.se,
1974258cbeb0.JPG,1974258cbeb0.JPG,3,luxury_modern,럭셔리 모던,luxury modern studio apartment,"luxury,modern",,False,ohou.se,
19a74829032a.jpg,19a74829032a.jpg,0,cute_pastel,파스텔 귀여운,cute pastel room decor,"cute,pastel",,False,ohou.se,
19cc743457d5.jpg,19cc743457d5.jpg,6,monochrome_minimal,모노톤 미니멀,monochrome minimalist interior,"monochrome,minimal",,False,ohou.se,
19e132328d6a.jpg,19e132328d6a.jpg,1,modern_grey,모던 그레이,modern grey industrial studio,"modern,grey",,False,ohou.se,
1a2cafba19c0.jpeg,1a2cafba19c0.jpeg,2,minimal_white,미니멀 화이트,minimal white scandinavian room,"minimal,white",,False,ohou.se,
1a2eb6373ed6.jpg,1a2eb6373ed6.jpg,6,monochrome_minimal,모노톤 미니멀,monochrome minimalist interior,"monochrome,minimal",,False,ohou.se,
1a8a1f2443aa.jpg,1a8a1f2443aa.jpg,3,luxury_modern,럭셔리 모던,luxury modern studio apartment,"luxury,modern",,False,ohou.se,
1a97e81825d0.jpg,1a97e81825d0.jpg,2,minimal_white,미니멀 화이트,minimal white scandinavian room,"minimal,white",,False,ohou.se,
1b6925ca83cb.jpg,1b6925ca83cb.jpg,4,plant_green,플랜트 그린,plant-filled green interior,"plant,green",,False,ohou.se,
1b7d1b4db08e.jpg,1b7d1b4db08e.jpg,6,monochrome_minimal,모노톤 미니멀,monochrome minimalist interior,"monochrome,minimal",,True,ohou.se,
1b82f3bbe496.jpg,1b82f3bbe496.jpg,1,modern_grey,모던 그레이,modern grey industrial studio,"modern,grey",,False,ohou.se,
1bc9d32396d7.JPG,1bc9d32396d7.JPG,3,luxury_modern,럭셔리 모던,luxury modern studio apartment,"luxury,modern",,False,ohou.se,
1be88e7a1699.jpg,1be88e7a1699.jpg,1,modern_grey,모던 그레이,modern grey industrial studio,"modern,grey",,False,ohou.se,
1c7a0b0da16b.jpg,1c7a0b0da16b.jpg,3,luxury_modern,럭셔리 모던,luxury modern studio apartment,"luxury,modern",,False,ohou.se,
1c8a7129a7c6.jpg,1c8a7129a7c6.jpg,7,natural_wood,내추럴 우드,natural wood tone small room,"natural,wood",,True,ohou.se,
1cc0160fa3c6.jpg,1cc0160fa3c6.jpg,3,luxury_modern,럭셔리 모던,luxury modern studio apartment,"luxury,modern",,False,ohou.se,
1d232ae3186b.webp,1d232ae3186b.webp,7,natural_wood,내추럴 우드,natural wood tone small room,"natural,wood",,False,ohou.se,
1d94e0f592a3.jpg,1d94e0f592a3.jpg,8,vintage_retro,빈티지 레트로,vintage retro small room,"vintage,retro",,False,ohou.se,
1e0d4077e2ea.jpg,1e0d4077e2ea.jpg,2,minimal_white,미니멀 화이트,minimal white scandinavian room,"minimal,white",,False,ohou.se,
1e2b8759ecb2.jpg,1e2b8759ecb2.jpg,1,modern_grey,모던 그레이,modern grey industrial studio,"modern,grey",,False,ohou.se,
1e7aba995177.webp,1e7aba995177.webp,2,minimal_white,미니멀 화이트,minimal white scandinavian room,"minimal,white",,False,ohou.se,
1ebaaf91664f.jpg,1ebaaf91664f.jpg,6,monochrome_minimal,모노톤 미니멀,monochrome minimalist interior,"monochrome,minimal",,False,ohou.se,
1f03bd801c7a.jpg,1f03bd801c7a.jpg,0,cute_pastel,파스텔 귀여운,cute pastel room decor,"cute,pastel",,False,ohou.se,
1f51f109fd2b.jpg,1f51f109fd2b.jpg,8,vintage_retro,빈티지 레트로,vintage retro small room,"vintage,retro",,False,ohou.se,
1f821b0273fb.jpg,1f821b0273fb.jpg,1,modern_grey,모던 그레이,modern grey industrial studio,"modern,grey",,False,ohou.se,
1fcee3fd2642.jpg,1fcee3fd2642.jpg,1,modern_grey,모던 그레이,modern grey industrial studio,"modern,grey",,False,ohou.se,
1fd75fab4f16.jpg,1fd75fab4f16.jpg,3,luxury_modern,럭셔리 모던,luxury modern studio apartment,"luxury,modern",,False,ohou.se,
1fdb928c07e9.jpg,1fdb928c07e9.jpg,2,minimal_white,미니멀 화이트,minimal white scandinavian room,"minimal,white",,False,ohou.se,
20061fd71798.jpg,20061fd71798.jpg,1,modern_grey,모던 그레이,modern grey industrial studio,"modern,grey",,False,ohou.se,
2051f1584e40.jpg,2051f1584e40.jpg,1,modern_grey,모던 그레이,modern grey industrial studio,"modern,grey",,True,ohou.se,
214d0d58eae1.jpg,214d0d58eae1.jpg,0,cute_pastel,파스텔 귀여운,cute pastel room decor,"cute,pastel",,False,ohou.se,
2181d0f08a06.jpg,2181d0f08a06.jpg,4,plant_green,플랜트 그린,plant-filled green interior,"plant,green",,False,ohou.se,
2189a9c0f5ee.jpg,2189a9c0f5ee.jpg,0,cute_pastel,파스텔 귀여운,cute pastel room decor,"cute,pastel",,False,ohou.se,
21c17bce67ca.jpg,21c17bce67ca.jpg,2,minimal_white,미니멀 화이트,minimal white scandinavian room,"minimal,white",,False,ohou.se,
21e6d8a0aeee.jpg,21e6d8a0aeee.jpg,8,vintage_retro,빈티지 레트로,vintage retro small room,"vintage,retro",,False,ohou.se,
224b38b0b16a.jpg,224b38b0b16a.jpg,8,vintage_retro,빈티지 레트로,vintage retro small room,"vintage,retro",,False,ohou.se,
2279efc40a99.jpg,2279efc40a99.jpg,3,luxury_modern,럭셔리 모던,luxury modern studio apartment,"luxury,modern",,False,ohou.se,
2287b3c35c0a.jpg,2287b3c35c0a.jpg,6,monochrome_minimal,모노톤 미니멀,monochrome minimalist interior,"monochrome,minimal",,False,ohou.se,
2290e17bbabe.png,2290e17bbabe.png,2,minimal_white,미니멀 화이트,minimal white scandinavian room,"minimal,white",,False,ohou.se,
2326462327a0.jpg,2326462327a0.jpg,5,warm_cozy,따뜻한 코지 원룸,warm cozy studio apartment interior,"warm,cozy",,False,ohou.se,
232a4905acd6.jpg,232a4905acd6.jpg,3,luxury_modern,럭셔리 모던,luxury modern studio apartment,"luxury,modern",,False,ohou.se,
23567fdc7dad.jpg,23567fdc7dad.jpg,6,monochrome_minimal,모노톤 미니멀,monochrome minimalist interior,"monochrome,minimal",,False,ohou.se,
237f4c77b583.jpg,237f4c77b583.jpg,8,vintage_retro,빈티지 레트로,vintage retro small room,"vintage,retro",,False,ohou.se,
239534fcd3ac.jpg,239534fcd3ac.jpg,1,modern_grey,모던 그레이,modern grey industrial studio,"modern,grey",,False,ohou.se,
23a003052ab4.jpg,23a003052ab4.jpg,2,minimal_white,미니멀 화이트,minimal white scandinavian room,"minimal,white",,False,ohou.se,
23a6f06d5e3c.jpg,23a6f06d5e3c.jpg,8,vintage_retro,빈티지 레트로,vintage retro small room,"vintage,retro",,False,ohou.se,
23bfbc7365d4.jpg,23bfbc7365d4.jpg,3,luxury_modern,럭셔리 모던,luxury modern studio apartment,"luxury,modern",,False,ohou.se,
23c156c2462f.jpg,23c156c2462f.jpg,2,minimal_white,미니멀 화이트,minimal white scandinavian room,"minimal,white",,False,ohou.se,
23c8774a2c63.jpg,23c8774a2c63.jpg,2,minimal_white,미니멀 화이트,minimal white scandinavian room,"minimal,white",,False,ohou.se,
23de1bd75d40.jpg,23de1bd75d40.jpg,6,monochrome_minimal,모노톤 미니멀,monochrome minimalist interior,"monochrome,minimal",,False,ohou.se,
243506bac54b.jpg,243506bac54b.jpg,1,modern_grey,모던 그레이,modern grey industrial studio,"modern,grey",,False,ohou.se,
244d1f7be157.jpg,244d1f7be157.jpg,6,monochrome_minimal,모노톤 미니멀,monochrome minimalist interior,"monochrome,minimal",,False,ohou.se,
245ce4166b4d.jpg,245ce4166b4d.jpg,1,modern_grey,모던 그레이,modern grey industrial studio,"modern,grey",,False,ohou.se,
2509c56db69d.JPG,2509c56db69d.JPG,3,luxury_modern,럭셔리 모던,luxury modern studio apartment,"luxury,modern",,False,ohou.se,
2521ea2872e5.jpg,2521ea2872e5.jpg,8,vintage_retro,빈티지 레트로,vintage retro small room,"vintage,retro",,False,ohou.se,
2542130d3be7.jpg,2542130d3be7.jpg,1,modern_grey,모던 그레이,modern grey industrial studio,"modern,grey",,False,ohou.se,
256930a38b1e.jpg,256930a38b1e.jpg,7,natural_wood,내추럴 우드,natural wood tone small room,"natural,wood",,False,ohou.se,
25c3c767a8bf.jpeg,25c3c767a8bf.jpeg,3,luxury_modern,럭셔리 모던,luxury modern studio apartment,"luxury,modern",,False,ohou.se,
260261b42e4d.jpg,260261b42e4d.jpg,6,monochrome_minimal,모노톤 미니멀,monochrome minimalist interior,"monochrome,minimal",,False,ohou.se,
26105c83cbec.jpg,26105c83cbec.jpg,8,vintage_retro,빈티지 레트로,vintage retro small room,"vintage,retro",,False,ohou.se,
262fa8179ecf.jpg,262fa8179ecf.jpg,6,monochrome_minimal,모노톤 미니멀,monochrome minimalist interior,"monochrome,minimal",,False,ohou.se,
2695fff8b449.jpg,2695fff8b449.jpg,4,plant_green,플랜트 그린,plant-filled green interior,"plant,green",,False,ohou.se,
26c552c99a24.jpg,26c552c99a24.jpg,6,monochrome_minimal,모노톤 미니멀,monochrome minimalist interior,"monochrome,minimal",,False,ohou.se,
272391835402.jpg,272391835402.jpg,3,luxury_modern,럭셔리 모던,luxury modern studio apartment,"luxury,modern",,False,ohou.se,
2730a6df1d48.jpg,2730a6df1d48.jpg,6,monochrome_minimal,모노톤 미니멀,monochrome minimalist interior,"monochrome,minimal",,False,ohou.se,
276ff0ece08e.jpg,276ff0ece08e.jpg,1,modern_grey,모던 그레이,modern grey industrial studio,"modern,grey",,False,ohou.se,
27f196dbf2f2.jpg,27f196dbf2f2.jpg,1,modern_grey,모던 그레이,modern grey industrial studio,"modern,grey",,False,ohou.se,
27f41287a76f.jpg,27f41287a76f.jpg,1,modern_grey,모던 그레이,modern grey industrial studio,"modern,grey",,False,ohou.se,
283731730e66.jpg,283731730e66.jpg,8,vintage_retro,빈티지 레트로,vintage retro small room,"vintage,retro",,False,ohou.se,
289715d36211.jpg,289715d36211.jpg,8,vintage_retro,빈티지 레트로,vintage retro small room,"vintage,retro",,False,ohou.se,
28d27a9039d6.jpg,28d27a9039d6.jpg,1,modern_grey,모던 그레이,modern grey industrial studio,"modern,grey",,False,ohou.se,
291118137637.jpg,291118137637.jpg,3,luxury_modern,럭셔리 모던,luxury modern studio apartment,"luxury,modern",,False,ohou.se,
29270f517827.jpg,29270f517827.jpg,8,vintage_retro,빈티지 레트로,vintage retro small room,"vintage,retro",,False,ohou.se,
2945282feb35.jpg,2945282feb35.jpg,8,vintage_retro,빈티지 레트로,vintage retro small room,"vintage,retro",,False,ohou.se,
29842a504da8.jpg,29842a504da8.jpg,6,monochrome_minimal,모노톤 미니멀,monochrome minimalist interior,"monochrome,minimal",,False,ohou.se,
29bb53aaee73.jpg,29bb53aaee73.jpg,0,cute_pastel,파스텔 귀여운,cute pastel room decor,"cute,pastel",,False,ohou.se,
2aa4707c683d.jpg,2aa4707c683d.jpg,5,warm_cozy,따뜻한 코지 원룸,warm cozy studio apartment interior,"warm,cozy",,False,ohou.se,
2acfe914ec30.jpeg,2acfe914ec30.jpeg,2,minimal_white,미니멀 화이트,minimal white scandinavian room,"minimal,white",,False,ohou.se,
2af385b9e631.jpg,2af385b9e631.jpg,0,cute_pastel,파스텔 귀여운,cute pastel room decor,"cute,pastel",,False,ohou.se,
2b0467fc5a2c.jpg,2b0467fc5a2c.jpg,0,cute_pastel,파스텔 귀여운,cute pastel room decor,"cute,pastel",,False,ohou.se,
2b253fe72e84.jpg,2b253fe72e84.jpg,3,luxury_modern,럭셔리 모던,luxury modern studio apartment,"luxury,modern",,False,ohou.se,
2b34c77cccbd.jpg,2b34c77cccbd.jpg,4,plant_green,플랜트 그린,plant-filled green interior,"plant,green",,False,ohou.se,
2b66762b9283.jpg,2b66762b9283.jpg,4,plant_green,플랜트 그린,plant-filled green interior,"plant,green",,False,ohou.se,
2bc7318c8cb8.jpg,2bc7318c8cb8.jpg,2,minimal_white,미니멀 화이트,minimal white scandinavian room,"minimal,white",,False,ohou.se,
2bf3302bb2b7.jpg,2bf3302bb2b7.jpg,2,minimal_white,미니멀 화이트,minimal white scandinavian room,"minimal,white",,False,ohou.se,
2c3350b12851.jpg,2c3350b12851.jpg,1,modern_grey,모던 그레이,modern grey industrial studio,"modern,grey",,False,ohou.se,
2c4ea526a75e.jpg,2c4ea526a75e.jpg,6,monochrome_minimal,모노톤 미니멀,monochrome minimalist interior,"monochrome,minimal",,False,ohou.se,
2c8af8b05e89.jpg,2c8af8b05e89.jpg,6,monochrome_minimal,모노톤 미니멀,monochrome minimalist interior,"monochrome,minimal",,False,ohou.se,
2cbd8b32b11a.jpg,2cbd8b32b11a.jpg,2,minimal_white,미니멀 화이트,minimal white scandinavian room,"minimal,white",,False,ohou.se,
2d42db0b3d04.jpg,2d42db0b3d04.jpg,5,warm_cozy,따뜻한 코지 원룸,warm cozy studio apartment interior,"warm,cozy",,True,ohou.se,
2dcaff7b335a.jpg,2dcaff7b335a.jpg,3,luxury_modern,럭셔리 모던,luxury modern studio apartment,"luxury,modern",,False,ohou.se,
2de34c406588.jpg,2de34c406588.jpg,7,natural_wood,내추럴 우드,natural wood tone small room,"natural,wood",,False,ohou.se,
2df1b2d47246.jpg,2df1b2d47246.jpg,6,monochrome_minimal,모노톤 미니멀,monochrome minimalist interior,"monochrome,minimal",,False,ohou.se,
2e3d57586c93.jpg,2e3d57586c93.jpg,1,modern_grey,모던 그레이,modern grey industrial studio,"modern,grey",,False,ohou.se,
2e4f310ab836.jpg,2e4f310ab836.jpg,6,monochrome_minimal,모노톤 미니멀,monochrome minimalist interior,"monochrome,minimal",,False,ohou.se,
2e5c2775a885.jpg,2e5c2775a885.jpg,2,minimal_white,미니멀 화이트,minimal white scandinavian room,"minimal,white",,False,ohou.se,
2e9d1536ba4d.jpg,2e9d1536ba4d.jpg,8,vintage_retro,빈티지 레트로,vintage retro small room,"vintage,retro",,False,ohou.se,
2ea3667e0682.jpg,2ea3667e0682.jpg,8,vintage_retro,빈티지 레트로,vintage retro small room,"vintage,retro",,False,ohou.se,
2eabd17e25f9.jpg,2eabd17e25f9.jpg,2,minimal_white,미니멀 화이트,minimal white scandinavian room,"minimal,white",,False,ohou.se,
2efb50d44eb4.jpg,2efb50d44eb4.jpg,2,minimal_white,미니멀 화이트,minimal white scandinavian room,"minimal,white",,False,ohou.se,
2f06e0f6fc4b.webp,2f06e0f6fc4b.webp,5,warm_cozy,따뜻한 코지 원룸,warm cozy studio apartment interior,"warm,cozy",,False,ohou.se,
2f73a8b5c1c1.jpg,2f73a8b5c1c1.jpg,0,cute_pastel,파스텔 귀여운,cute pastel room decor,"cute,pastel",,False,ohou.se,
2f7cb9a420e9.jpg,2f7cb9a420e9.jpg,1,modern_grey,모던 그레이,modern grey industrial studio,"modern,grey",,False,ohou.se,
2fa876156ddd.jpg,2fa876156ddd.jpg,6,monochrome_minimal,모노톤 미니멀,monochrome minimalist interior,"monochrome,minimal",,False,ohou.se,
2fd1cd319cc7.jpg,2fd1cd319cc7.jpg,8,vintage_retro,빈티지 레트로,vintage retro small room,"vintage,retro",,False,ohou.se,
2fdc533edf5e.jpg,2fdc533edf5e.jpg,3,luxury_modern,럭셔리 모던,luxury modern studio apartment,"luxury,modern",,False,ohou.se,
300b9807642d.jpg,300b9807642d.jpg,3,luxury_modern,럭셔리 모던,luxury modern studio apartment,"luxury,modern",,False,ohou.se,
303acbd1505e.webp,303acbd1505e.webp,2,minimal_white,미니멀 화이트,minimal white scandinavian room,"minimal,white",,False,ohou.se,
3056d81ac50f.jpg,3056d81ac50f.jpg,4,plant_green,플랜트 그린,plant-filled green interior,"plant,green",,False,ohou.se,
3069a176c46c.jpg,3069a176c46c.jpg,3,luxury_modern,럭셔리 모던,luxury modern studio apartment,"luxury,modern",,False,ohou.se,
307061599b68.jpg,307061599b68.jpg,3,luxury_modern,럭셔리 모던,luxury modern studio apartment,"luxury,modern",,False,ohou.se,
307e0f925a63.jpg,307e0f925a63.jpg,1,modern_grey,모던 그레이,modern grey industrial studio,"modern,grey",,False,ohou.se,
30acd7063f9b.jpg,30acd7063f9b.jpg,1,modern_grey,모던 그레이,modern grey industrial studio,"modern,grey",,False,ohou.se,
30c7c8369d2d.jpg,30c7c8369d2d.jpg,1,modern_grey,모던 그레이,modern grey industrial studio,"modern,grey",,False,ohou.se,
30e4c16c4917.jpg,30e4c16c4917.jpg,8,vintage_retro,빈티지 레트로,vintage retro small room,"vintage,retro",,False,ohou.se,
30f0a9309b13.png,30f0a9309b13.png,8,vintage_retro,빈티지 레트로,vintage retro small room,"vintage,retro",,False,ohou.se,
312f846bf24d.jpg,312f846bf24d.jpg,2,minimal_white,미니멀 화이트,minimal white scandinavian room,"minimal,white",,False,ohou.se,
313b9a4813ba.jpg,313b9a4813ba.jpg,6,monochrome_minimal,모노톤 미니멀,monochrome minimalist interior,"monochrome,minimal",,False,ohou.se,
31733785d9a3.jpg,31733785d9a3.jpg,2,minimal_white,미니멀 화이트,minimal white scandinavian room,"minimal,white",,False,ohou.se,
31766be30ca6.jpg,31766be30ca6.jpg,4,plant_green,플랜트 그린,plant-filled green interior,"plant,green",,False,ohou.se,
31e12f3e332e.jpeg,31e12f3e332e.jpeg,6,monochrome_minimal,모노톤 미니멀,monochrome minimalist interior,"monochrome,minimal",,False,ohou.se,
31ee9e8c16e5.jpg,31ee9e8c16e5.jpg,6,monochrome_minimal,모노톤 미니멀,monochrome minimalist interior,"monochrome,minimal",,False,ohou.se,
320abf20c554.jpeg,320abf20c554.jpeg,0,cute_pastel,파스텔 귀여운,cute pastel room decor,"cute,pastel",,False,ohou.se,
32595f1252be.jpg,32595f1252be.jpg,4,plant_green,플랜트 그린,plant-filled green interior,"plant,green",,False,ohou.se,
3269fca0216d.jpg,3269fca0216d.jpg,4,plant_green,플랜트 그린,plant-filled green interior,"plant,green",,False,ohou.se,
32eaaa0c7ecf.jpg,32eaaa0c7ecf.jpg,8,vintage_retro,빈티지 레트로,vintage retro small room,"vintage,retro",,False,ohou.se,
3336d8d56df3.jpg,3336d8d56df3.jpg,6,monochrome_minimal,모노톤 미니멀,monochrome minimalist interior,"monochrome,minimal",,False,ohou.se,
333b4f7a3f1e.jpg,333b4f7a3f1e.jpg,2,minimal_white,미니멀 화이트,minimal white scandinavian room,"minimal,white",,False,ohou.se,
33699bbefc6b.jpg,33699bbefc6b.jpg,3,luxury_modern,럭셔리 모던,luxury modern studio apartment,"luxury,modern",,False,ohou.se,
339638fee89c.jpg,339638fee89c.jpg,3,luxury_modern,럭셔리 모던,luxury modern studio apartment,"luxury,modern",,False,ohou.se,
3398f728f7e7.jpg,3398f728f7e7.jpg,4,plant_green,플랜트 그린,plant-filled green interior,"plant,green",,False,ohou.se,
33a936a066b6.jpg,33a936a066b6.jpg,4,plant_green,플랜트 그린,plant-filled green interior,"plant,green",,False,ohou.se,
33f2cfc5f79e.jpg,33f2cfc5f79e.jpg,2,minimal_white,미니멀 화이트,minimal white scandinavian room,"minimal,white",,False,ohou.se,
347997c7b37b.jpg,347997c7b37b.jpg,2,minimal_white,미니멀 화이트,minimal white scandinavian room,"minimal,white",,False,ohou.se,
34a7153b3c77.jpg,34a7153b3c77.jpg,6,monochrome_minimal,모노톤 미니멀,monochrome minimalist interior,"monochrome,minimal",,False,ohou.se,
34b7856b7c14.jpg,34b7856b7c14.jpg,3,luxury_modern,럭셔리 모던,luxury modern studio apartment,"luxury,modern",,False,ohou.se,
35079ad96d47.jpg,35079ad96d47.jpg,1,modern_grey,모던 그레이,modern grey industrial studio,"modern,grey",,False,ohou.se,
3510a574ed28.jpg,3510a574ed28.jpg,3,luxury_modern,럭셔리 모던,luxury modern studio apartment,"luxury,modern",,False,ohou.se,
356301249d45.jpg,356301249d45.jpg,2,minimal_white,미니멀 화이트,minimal white scandinavian room,"minimal,white",,False,ohou.se,
357d441ff16a.jpg,357d441ff16a.jpg,6,monochrome_minimal,모노톤 미니멀,monochrome minimalist interior,"monochrome,minimal",,False,ohou.se,
35d3d028eb6e.jpeg,35d3d028eb6e.jpeg,3,luxury_modern,럭셔리 모던,luxury modern studio apartment,"luxury,modern",,False,ohou.se,
35f21deacf69.jpg,35f21deacf69.jpg,2,minimal_white,미니멀 화이트,minimal white scandinavian room,"minimal,white",,False,ohou.se,
370fecb1ce98.jpg,370fecb1ce98.jpg,2,minimal_white,미니멀 화이트,minimal white scandinavian room,"minimal,white",,False,ohou.se,
37a2e163d1c4.jpg,37a2e163d1c4.jpg,3,luxury_modern,럭셔리 모던,luxury modern studio apartment,"luxury,modern",,False,ohou.se,
37b520f5df77.jpeg,37b520f5df77.jpeg,2,minimal_white,미니멀 화이트,minimal white scandinavian room,"minimal,white",,False,ohou.se,
37b5f2f110d6.jpg,37b5f2f110d6.jpg,2,minimal_white,미니멀 화이트,minimal white scandinavian room,"minimal,white",,False,ohou.se,
37eafb542792.jpg,37eafb542792.jpg,7,natural_wood,내추럴 우드,natural wood tone small room,"natural,wood",,False,ohou.se,
37eda4b03221.jpg,37eda4b03221.jpg,6,monochrome_minimal,모노톤 미니멀,monochrome minimalist interior,"monochrome,minimal",,False,ohou.se,
3832f43214d8.jpg,3832f43214d8.jpg,5,warm_cozy,따뜻한 코지 원룸,warm cozy studio apartment interior,"warm,cozy",,False,ohou.se,
3873b8cceb26.jpg,3873b8cceb26.jpg,0,cute_pastel,파스텔 귀여운,cute pastel room decor,"cute,pastel",,False,ohou.se,
3913b93bcfbd.jpg,3913b93bcfbd.jpg,6,monochrome_minimal,모노톤 미니멀,monochrome minimalist interior,"monochrome,minimal",,False,ohou.se,
39dc638be854.jpg,39dc638be854.jpg,4,plant_green,플랜트 그린,plant-filled green interior,"plant,green",,False,ohou.se,
3a2d2b39162e.jpg,3a2d2b39162e.jpg,0,cute_pastel,파스텔 귀여운,cute pastel room decor,"cute,pastel",,False,ohou.se,
3a5ad9150b02.jpg,3a5ad9150b02.jpg,6,monochrome_minimal,모노톤 미니멀,monochrome minimalist interior,"monochrome,minimal",,False,ohou.se,
3a6f88b20aac.jpg,3a6f88b20aac.jpg,8,vintage_retro,빈티지 레트로,vintage retro small room,"vintage,retro",,False,ohou.se,
3ab222d604ff.jpg,3ab222d604ff.jpg,1,modern_grey,모던 그레이,modern grey industrial studio,"modern,grey",,False,ohou.se,
3acf44b4d560.jpg,3acf44b4d560.jpg,5,warm_cozy,따뜻한 코지 원룸,warm cozy studio apartment interior,"warm,cozy",,False,ohou.se,
3ade3cc0c263.webp,3ade3cc0c263.webp,5,warm_cozy,따뜻한 코지 원룸,warm cozy studio apartment interior,"warm,cozy",,False,ohou.se,
3ae427e3ffb9.jpeg,3ae427e3ffb9.jpeg,1,modern_grey,모던 그레이,modern grey industrial studio,"modern,grey",,False,ohou.se,
3b5bd3e387a4.jpg,3b5bd3e387a4.jpg,8,vintage_retro,빈티지 레트로,vintage retro small room,"vintage,retro",,False,ohou.se,
3b7f765a88fe.jpg,3b7f765a88fe.jpg,4,plant_green,플랜트 그린,plant-filled green interior,"plant,green",,False,ohou.se,
3b98e8af994b.jpg,3b98e8af994b.jpg,1,modern_grey,모던 그레이,modern grey industrial studio,"modern,grey",,False,ohou.se,
3bdd7363f5eb.jpg,3bdd7363f5eb.jpg,3,luxury_modern,럭셔리 모던,luxury modern studio apartment,"luxury,modern",,False,ohou.se,
3bf9f504dc6b.webp,3bf9f504dc6b.webp,1,modern_grey,모던 그레이,modern grey industrial studio,"modern,grey",,False,ohou.se,
3c8ddd95539d.jpg,3c8ddd95539d.jpg,2,minimal_white,미니멀 화이트,minimal white scandinavian room,"minimal,white",,False,ohou.se,
3c966ef70731.jpg,3c966ef70731.jpg,6,monochrome_minimal,모노톤 미니멀,monochrome minimalist interior,"monochrome,minimal",,False,ohou.se,
3d17bcd23f5e.jpg,3d17bcd23f5e.jpg,6,monochrome_minimal,모노톤 미니멀,monochrome minimalist interior,"monochrome,minimal",,False,ohou.se,
3db171f009ec.jpg,3db171f009ec.jpg,1,modern_grey,모던 그레이,modern grey industrial studio,"modern,grey",,False,ohou.se,
3dbe624716b2.jpg,3dbe624716b2.jpg,2,minimal_white,미니멀 화이트,minimal white scandinavian room,"minimal,white",,False,ohou.se,
3dfa213fd7b0.jpg,3dfa213fd7b0.jpg,6,monochrome_minimal,모노톤 미니멀,monochrome minimalist interior,"monochrome,minimal",,False,ohou.se,
3e61625f6544.jpg,3e61625f6544.jpg,1,modern_grey,모던 그레이,modern grey industrial studio,"modern,grey",,False,ohou.se,
3e7c04d4c83b.jpg,3e7c04d4c83b.jpg,6,monochrome_minimal,모노톤 미니멀,monochrome minimalist interior,"monochrome,minimal",,False,ohou.se,
3e7ca6995e6f.JPG,3e7ca6995e6f.JPG,2,minimal_white,미니멀 화이트,minimal white scandinavian room,"minimal,white",,False,ohou.se,
3eae342060c1.jpg,3eae342060c1.jpg,3,luxury_modern,럭셔리 모던,luxury modern studio apartment,"luxury,modern",,False,ohou.se,
3efc3bfdede6.jpg,3efc3bfdede6.jpg,6,monochrome_minimal,모노톤 미니멀,monochrome minimalist interior,"monochrome,minimal",,False,ohou.se,
3f114293f0a7.jpg,3f114293f0a7.jpg,6,monochrome_minimal,모노톤 미니멀,monochrome minimalist interior,"monochrome,minimal",,False,ohou.se,
3f120b7adbf4.jpg,3f120b7adbf4.jpg,1,modern_grey,모던 그레이,modern grey industrial studio,"modern,grey",,False,ohou.se,
3f445c61f3d6.webp,3f445c61f3d6.webp,2,minimal_white,미니멀 화이트,minimal white scandinavian room,"minimal,white",,False,ohou.se,
3f5e5c230c9a.jpg,3f5e5c230c9a.jpg,6,monochrome_minimal,모노톤 미니멀,monochrome minimalist interior,"monochrome,minimal",,False,ohou.se,
3f60de9b294f.jpg,3f60de9b294f.jpg,3,luxury_modern,럭셔리 모던,luxury modern studio apartment,"luxury,modern",,False,ohou.se,
3f836d49c941.jpg,3f836d49c941.jpg,4,plant_green,플랜트 그린,plant-filled green interior,"plant,green",,False,ohou.se,
3f8bafcc6c27.jpg,3f8bafcc6c27.jpg,6,monochrome_minimal,모노톤 미니멀,monochrome minimalist interior,"monochrome,minimal",,False,ohou.se,
3f94b5e8eab4.jpg,3f94b5e8eab4.jpg,6,monochrome_minimal,모노톤 미니멀,monochrome minimalist interior,"monochrome,minimal",,False,ohou.se,
3f9ae27cab74.jpg,3f9ae27cab74.jpg,3,luxury_modern,럭셔리 모던,luxury modern studio apartment,"luxury,modern",,False,ohou.se,
40246424323d.png,40246424323d.png,6,monochrome_minimal,모노톤 미니멀,monochrome minimalist interior,"monochrome,minimal",,False,ohou.se,
404e2ff66d1c.jpg,404e2ff66d1c.jpg,2,minimal_white,미니멀 화이트,minimal white scandinavian room,"minimal,white",,False,ohou.se,
40ead260f549.jpeg,40ead260f549.jpeg,2,minimal_white,미니멀 화이트,minimal white scandinavian room,"minimal,white",,False,ohou.se,
4124514e586f.jpg,4124514e586f.jpg,4,plant_green,플랜트 그린,plant-filled green interior,"plant,green",,False,ohou.se,
412b006b1046.jpg,412b006b1046.jpg,4,plant_green,플랜트 그린,plant-filled green interior,"plant,green",,False,ohou.se,
413b26f113b4.jpg,413b26f113b4.jpg,3,luxury_modern,럭셔리 모던,luxury modern studio apartment,"luxury,modern",,False,ohou.se,
4143bd7ecfe3.webp,4143bd7ecfe3.webp,6,monochrome_minimal,모노톤 미니멀,monochrome minimalist interior,"monochrome,minimal",,False,ohou.se,
418968354e43.jpg,418968354e43.jpg,8,vintage_retro,빈티지 레트로,vintage retro small room,"vintage,retro",,False,ohou.se,
41c808f85352.jpg,41c808f85352.jpg,6,monochrome_minimal,모노톤 미니멀,monochrome minimalist interior,"monochrome,minimal",,False,ohou.se,
423f79465864.jpg,423f79465864.jpg,1,modern_grey,모던 그레이,modern grey industrial studio,"modern,grey",,False,ohou.se,
426f2d7d7a21.jpg,426f2d7d7a21.jpg,1,modern_grey,모던 그레이,modern grey industrial studio,"modern,grey",,False,ohou.se,
42914acded64.jpg,42914acded64.jpg,0,cute_pastel,파스텔 귀여운,cute pastel room decor,"cute,pastel",,False,ohou.se,
42a68f459c3e.jpg,42a68f459c3e.jpg,6,monochrome_minimal,모노톤 미니멀,monochrome minimalist interior,"monochrome,minimal",,False,ohou.se,
42d6f1148692.jpg,42d6f1148692.jpg,0,cute_pastel,파스텔 귀여운,cute pastel room decor,"cute,pastel",,False,ohou.se,
42f32d44f9ce.jpg,42f32d44f9ce.jpg,5,warm_cozy,따뜻한 코지 원룸,warm cozy studio apartment interior,"warm,cozy",,False,ohou.se,
430ccec1c47b.jpg,430ccec1c47b.jpg,8,vintage_retro,빈티지 레트로,vintage retro small room,"vintage,retro",,False,ohou.se,
439e044731bc.JPG,439e044731bc.JPG,3,luxury_modern,럭셔리 모던,luxury modern studio apartment,"luxury,modern",,False,ohou.se,
44997367f49b.jpg,44997367f49b.jpg,7,natural_wood,내추럴 우드,natural wood tone small room,"natural,wood",,False,ohou.se,
44aa9bbd3433.jpg,44aa9bbd3433.jpg,1,modern_grey,모던 그레이,modern grey industrial studio,"modern,grey",,False,ohou.se,
44b5c025aaa9.jpg,44b5c025aaa9.jpg,1,modern_grey,모던 그레이,modern grey industrial studio,"modern,grey",,False,ohou.se,
45067d9e99b3.jpg,45067d9e99b3.jpg,5,warm_cozy,따뜻한 코지 원룸,warm cozy studio apartment interior,"warm,cozy",,False,ohou.se,
450899d6f845.jpg,450899d6f845.jpg,1,modern_grey,모던 그레이,modern grey industrial studio,"modern,grey",,False,ohou.se,
452234a5e8f0.jpg,452234a5e8f0.jpg,0,cute_pastel,파스텔 귀여운,cute pastel room decor,"cute,pastel",,False,ohou.se,
45edd2bbdefe.jpg,45edd2bbdefe.jpg,4,plant_green,플랜트 그린,plant-filled green interior,"plant,green",,False,ohou.se,
4697090bbe6b.jpg,4697090bbe6b.jpg,3,luxury_modern,럭셔리 모던,luxury modern studio apartment,"luxury,modern",,False,ohou.se,
46bd6e35bce0.jpg,46bd6e35bce0.jpg,1,modern_grey,모던 그레이,modern grey industrial studio,"modern,grey",,False,ohou.se,
4719427a9a8c.jpg,4719427a9a8c.jpg,3,luxury_modern,럭셔리 모던,luxury modern studio apartment,"luxury,modern",,False,ohou.se,
475a7fc57409.jpg,475a7fc57409.jpg,6,monochrome_minimal,모노톤 미니멀,monochrome minimalist interior,"monochrome,minimal",,False,ohou.se,
47a009def130.jpg,47a009def130.jpg,8,vintage_retro,빈티지 레트로,vintage retro small room,"vintage,retro",,False,ohou.se,
482ccb5dce29.png,482ccb5dce29.png,2,minimal_white,미니멀 화이트,minimal white scandinavian room,"minimal,white",,False,ohou.se,
484e1c11e215.jpg,484e1c11e215.jpg,6,monochrome_minimal,모노톤 미니멀,monochrome minimalist interior,"monochrome,minimal",,False,ohou.se,
4855aafbb10a.jpg,4855aafbb10a.jpg,1,modern_grey,모던 그레이,modern grey industrial studio,"modern,grey",,False,ohou.se,
48cd6120f927.jpg,48cd6120f927.jpg,2,minimal_white,미니멀 화이트,minimal white scandinavian room,"minimal,white",,False,ohou.se,
4956cc099931.jpg,4956cc099931.jpg,6,monochrome_minimal,모노톤 미니멀,monochrome minimalist interior,"monochrome,minimal",,False,ohou.se,
49af0db62238.jpg,49af0db62238.jpg,4,plant_green,플랜트 그린,plant-filled green interior,"plant,green",,False,ohou.se,
49bf5f18a7cb.jpeg,49bf5f18a7cb.jpeg,3,luxury_modern,럭셔리 모던,luxury modern studio apartment,"luxury,modern",,False,ohou.se,
4a0efb8c8370.jpg,4a0efb8c8370.jpg,6,monochrome_minimal,모노톤 미니멀,monochrome minimalist interior,"monochrome,minimal",,False,ohou.se,
4a4a70490cd0.jpg,4a4a70490cd0.jpg,1,modern_grey,모던 그레이,modern grey industrial studio,"modern,grey",,False,ohou.se,
4a8f1b898706.jpg,4a8f1b898706.jpg,1,modern_grey,모던 그레이,modern grey industrial studio,"modern,grey",,False,ohou.se,
4b12a750f1ce.jpg,4b12a750f1ce.jpg,2,minimal_white,미니멀 화이트,minimal white scandinavian room,"minimal,white",,False,ohou.se,
4b807cb1ec42.jpg,4b807cb1ec42.jpg,3,luxury_modern,럭셔리 모던,luxury modern studio apartment,"luxury,modern",,False,ohou.se,
4bd91f3736b6.jpg,4bd91f3736b6.jpg,4,plant_green,플랜트 그린,plant-filled green interior,"plant,green",,False,ohou.se,
4be16c12685e.jpg,4be16c12685e.jpg,3,luxury_modern,럭셔리 모던,luxury modern studio apartment,"luxury,modern",,True,ohou.se,
4bf752da0ed4.jpg,4bf752da0ed4.jpg,6,monochrome_minimal,모노톤 미니멀,monochrome minimalist interior,"monochrome,minimal",,False,ohou.se,
4c0a1b94f054.jpg,4c0a1b94f054.jpg,2,minimal_white,미니멀 화이트,minimal white scandinavian room,"minimal,white",,False,ohou.se,
4c0b76dd0c81.jpg,4c0b76dd0c81.jpg,1,modern_grey,모던 그레이,modern grey industrial studio,"modern,grey",,False,ohou.se,
4c9484c06e5f.jpg,4c9484c06e5f.jpg,4,plant_green,플랜트 그린,plant-filled green interior,"plant,green",,False,ohou.se,
4cabd89d97ba.jpg,4cabd89d97ba.jpg,8,vintage_retro,빈티지 레트로,vintage retro small room,"vintage,retro",,False,ohou.se,
4cb72c0aa32d.jpg,4cb72c0aa32d.jpg,8,vintage_retro,빈티지 레트로,vintage retro small room,"vintage,retro",,False,ohou.se,
4cb9422b06f8.jpeg,4cb9422b06f8.jpeg,1,modern_grey,모던 그레이,modern grey industrial studio,"modern,grey",,False,ohou.se,
4cde0e034247.jpg,4cde0e034247.jpg,2,minimal_white,미니멀 화이트,minimal white scandinavian room,"minimal,white",,False,ohou.se,
4d3e93cbfefd.png,4d3e93cbfefd.png,1,modern_grey,모던 그레이,modern grey industrial studio,"modern,grey",,False,ohou.se,
4d50332aa6dc.jpg,4d50332aa6dc.jpg,6,monochrome_minimal,모노톤 미니멀,monochrome minimalist interior,"monochrome,minimal",,False,ohou.se,
4d770ae5942c.jpg,4d770ae5942c.jpg,3,luxury_modern,럭셔리 모던,luxury modern studio apartment,"luxury,modern",,False,ohou.se,
4d8745703b5c.jpg,4d8745703b5c.jpg,0,cute_pastel,파스텔 귀여운,cute pastel room decor,"cute,pastel",,False,ohou.se,
4dc4c27cc26b.jpeg,4dc4c27cc26b.jpeg,3,luxury_modern,럭셔리 모던,luxury modern studio apartment,"luxury,modern",,False,ohou.se,
4e58d9ab382a.jpg,4e58d9ab382a.jpg,2,minimal_white,미니멀 화이트,minimal white scandinavian room,"minimal,white",,False,ohou.se,
4e96ef5a0194.jpg,4e96ef5a0194.jpg,1,modern_grey,모던 그레이,modern grey industrial studio,"modern,grey",,False,ohou.se,
4f302a78cfcd.jpg,4f302a78cfcd.jpg,2,minimal_white,미니멀 화이트,minimal white scandinavian room,"minimal,white",,False,ohou.se,
4f6db5b300bb.jpg,4f6db5b300bb.jpg,8,vintage_retro,빈티지 레트로,vintage retro small room,"vintage,retro",,False,ohou.se,
4fd7aa19d280.jpg,4fd7aa19d280.jpg,6,monochrome_minimal,모노톤 미니멀,monochrome minimalist interior,"monochrome,minimal",,False,ohou.se,
4ff71505a0c8.jpg,4ff71505a0c8.jpg,3,luxury_modern,럭셔리 모던,luxury modern studio apartment,"luxury,modern",,False,ohou.se,
500c12ce7e3f.jpg,500c12ce7e3f.jpg,8,vintage_retro,빈티지 레트로,vintage retro small room,"vintage,retro",,False,ohou.se,
502d9671967f.jpg,502d9671967f.jpg,8,vintage_retro,빈티지 레트로,vintage retro small room,"vintage,retro",,True,ohou.se,
503ab82af649.jpg,503ab82af649.jpg,4,plant_green,플랜트 그린,plant-filled green interior,"plant,green",,False,ohou.se,
503d4bc78ad8.jpg,503d4bc78ad8.jpg,6,monochrome_minimal,모노톤 미니멀,monochrome minimalist interior,"monochrome,minimal",,False,ohou.se,
505cd60fbec3.jpeg,505cd60fbec3.jpeg,8,vintage_retro,빈티지 레트로,vintage retro small room,"vintage,retro",,False,ohou.se,
509db05acffc.jpg,509db05acffc.jpg,1,modern_grey,모던 그레이,modern grey industrial studio,"modern,grey",,False,ohou.se,
51ea4885588b.jpg,51ea4885588b.jpg,1,modern_grey,모던 그레이,modern grey industrial studio,"modern,grey",,False,ohou.se,
521dce60560f.jpg,521dce60560f.jpg,4,plant_green,플랜트 그린,plant-filled green interior,"plant,green",,False,ohou.se,
5220208921c4.jpg,5220208921c4.jpg,1,modern_grey,모던 그레이,modern grey industrial studio,"modern,grey",,False,ohou.se,
525b08102568.jpg,525b08102568.jpg,6,monochrome_minimal,모노톤 미니멀,monochrome minimalist interior,"monochrome,minimal",,False,ohou.se,
527e9edbf879.jpg,527e9edbf879.jpg,2,minimal_white,미니멀 화이트,minimal white scandinavian room,"minimal,white",,False,ohou.se,
528c8d1add4f.jpg,528c8d1add4f.jpg,1,modern_grey,모던 그레이,modern grey industrial studio,"modern,grey",,False,ohou.se,
52a165c07743.jpg,52a165c07743.jpg,4,plant_green,플랜트 그린,plant-filled green interior,"plant,green",,True,ohou.se,
52a349f6a294.jpg,52a349f6a294.jpg,0,cute_pastel,파스텔 귀여운,cute pastel room decor,"cute,pastel",,False,ohou.se,
5307325ff8f3.jpeg,5307325ff8f3.jpeg,6,monochrome_minimal,모노톤 미니멀,monochrome minimalist interior,"monochrome,minimal",,False,ohou.se,
534c8b6a08ee.JPG,534c8b6a08ee.JPG,2,minimal_white,미니멀 화이트,minimal white scandinavian room,"minimal,white",,False,ohou.se,
5368837790e0.jpg,5368837790e0.jpg,3,luxury_modern,럭셔리 모던,luxury modern studio apartment,"luxury,modern",,False,ohou.se,
538011135549.jpg,538011135549.jpg,2,minimal_white,미니멀 화이트,minimal white scandinavian room,"minimal,white",,False,ohou.se,
539b4c85aa73.jpg,539b4c85aa73.jpg,1,modern_grey,모던 그레이,modern grey industrial studio,"modern,grey",,False,ohou.se,
53cc10273ae8.jpg,53cc10273ae8.jpg,8,vintage_retro,빈티지 레트로,vintage retro small room,"vintage,retro",,False,ohou.se,
53d1f866564d.jpg,53d1f866564d.jpg,3,luxury_modern,럭셔리 모던,luxury modern studio apartment,"luxury,modern",,False,ohou.se,
53da4b034be6.jpg,53da4b034be6.jpg,4,plant_green,플랜트 그린,plant-filled green interior,"plant,green",,False,ohou.se,
53dab1f6bdda.jpg,53dab1f6bdda.jpg,8,vintage_retro,빈티지 레트로,vintage retro small room,"vintage,retro",,False,ohou.se,
53f1b66a68f1.jpg,53f1b66a68f1.jpg,1,modern_grey,모던 그레이,modern grey industrial studio,"modern,grey",,False,ohou.se,
53fcffbd66b3.webp,53fcffbd66b3.webp,1,modern_grey,모던 그레이,modern grey industrial studio,"modern,grey",,False,ohou.se,
54d70e7cc9f3.jpg,54d70e7cc9f3.jpg,8,vintage_retro,빈티지 레트로,vintage retro small room,"vintage,retro",,False,ohou.se,
55db90c9194e.jpg,55db90c9194e.jpg,8,vintage_retro,빈티지 레트로,vintage retro small room,"vintage,retro",,False,ohou.se,
561c436168b3.jpg,561c436168b3.jpg,2,minimal_white,미니멀 화이트,minimal white scandinavian room,"minimal,white",,False,ohou.se,
569e07c5dc16.jpg,569e07c5dc16.jpg,6,monochrome_minimal,모노톤 미니멀,monochrome minimalist interior,"monochrome,minimal",,False,ohou.se,
56a881393c52.jpg,56a881393c52.jpg,1,modern_grey,모던 그레이,modern grey industrial studio,"modern,grey",,False,ohou.se,
56beb38e6521.jpg,56beb38e6521.jpg,8,vintage_retro,빈티지 레트로,vintage retro small room,"vintage,retro",,False,ohou.se,
57167095354f.jpg,57167095354f.jpg,6,monochrome_minimal,모노톤 미니멀,monochrome minimalist interior,"monochrome,minimal",,False,ohou.se,
5717eeaafd74.jpg,5717eeaafd74.jpg,6,monochrome_minimal,모노톤 미니멀,monochrome minimalist interior,"monochrome,minimal",,False,ohou.se,
5747a7fe08e6.jpg,5747a7fe08e6.jpg,7,natural_wood,내추럴 우드,natural wood tone small room,"natural,wood",,False,ohou.se,
574c7e95faa2.jpeg,574c7e95faa2.jpeg,2,minimal_white,미니멀 화이트,minimal white scandinavian room,"minimal,white",,False,ohou.se,
5758593d6901.jpg,5758593d6901.jpg,6,monochrome_minimal,모노톤 미니멀,monochrome minimalist interior,"monochrome,minimal",,False,ohou.se,
577d7aecba7e.jpeg,577d7aecba7e.jpeg,1,modern_grey,모던 그레이,modern grey industrial studio,"modern,grey",,False,ohou.se,
57b0d6f9ba74.jpg,57b0d6f9ba74.jpg,8,vintage_retro,빈티지 레트로,vintage retro small room,"vintage,retro",,False,ohou.se,
57c5e1c61bbd.jpg,57c5e1c61bbd.jpg,6,monochrome_minimal,모노톤 미니멀,monochrome minimalist interior,"monochrome,minimal",,False,ohou.se,
587567ead34d.jpg,587567ead34d.jpg,8,vintage_retro,빈티지 레트로,vintage retro small room,"vintage,retro",,False,ohou.se,
58f69101d224.jpg,58f69101d224.jpg,1,modern_grey,모던 그레이,modern grey industrial studio,"modern,grey",,False,ohou.se,
58f831ff6ef3.jpg,58f831ff6ef3.jpg,6,monochrome_minimal,모노톤 미니멀,monochrome minimalist interior,"monochrome,minimal",,False,ohou.se,
58f9a53dd725.jpg,58f9a53dd725.jpg,2,minimal_white,미니멀 화이트,minimal white scandinavian room,"minimal,white",,False,ohou.se,
591ab6a403dc.jpg,591ab6a403dc.jpg,2,minimal_white,미니멀 화이트,minimal white scandinavian room,"minimal,white",,False,ohou.se,
597cec5508ef.jpg,597cec5508ef.jpg,1,modern_grey,모던 그레이,modern grey industrial studio,"modern,grey",,False,ohou.se,
59991104ff98.jpg,59991104ff98.jpg,8,vintage_retro,빈티지 레트로,vintage retro small room,"vintage,retro",,True,ohou.se,
59a13b47c446.jpg,59a13b47c446.jpg,3,luxury_modern,럭셔리 모던,luxury modern studio apartment,"luxury,modern",,False,ohou.se,
5a345dbdfb1c.jpg,5a345dbdfb1c.jpg,1,modern_grey,모던 그레이,modern grey industrial studio,"modern,grey",,False,ohou.se,
5a8eb6a383a8.jpeg,5a8eb6a383a8.jpeg,3,luxury_modern,럭셔리 모던,luxury modern studio apartment,"luxury,modern",,False,ohou.se,
5a95b148a078.jpeg,5a95b148a078.jpeg,5,warm_cozy,따뜻한 코지 원룸,warm cozy studio apartment interior,"warm,cozy",,False,ohou.se,
5ac33c640c0e.jpg,5ac33c640c0e.jpg,8,vintage_retro,빈티지 레트로,vintage retro small room,"vintage,retro",,False,ohou.se,
5b0d9dc6126b.jpg,5b0d9dc6126b.jpg,1,modern_grey,모던 그레이,modern grey industrial studio,"modern,grey",,False,ohou.se,
5b35bdf04336.jpg,5b35bdf04336.jpg,4,plant_green,플랜트 그린,plant-filled green interior,"plant,green",,False,ohou.se,
5b396f1331ac.jpg,5b396f1331ac.jpg,8,vintage_retro,빈티지 레트로,vintage retro small room,"vintage,retro",,False,ohou.se,
5b5535e0c43d.jpg,5b5535e0c43d.jpg,6,monochrome_minimal,모노톤 미니멀,monochrome minimalist interior,"monochrome,minimal",,False,ohou.se,
5b60a1ed1ae7.jpg,5b60a1ed1ae7.jpg,8,vintage_retro,빈티지 레트로,vintage retro small room,"vintage,retro",,False,ohou.se,
5b785919c0d4.jpg,5b785919c0d4.jpg,0,cute_pastel,파스텔 귀여운,cute pastel room decor,"cute,pastel",,False,ohou.se,
5b9795a86147.jpg,5b9795a86147.jpg,1,modern_grey,모던 그레이,modern grey industrial studio,"modern,grey",,False,ohou.se,
5bd923b045ec.jpg,5bd923b045ec.jpg,1,modern_grey,모던 그레이,modern grey industrial studio,"modern,grey",,False,ohou.se,
5c47bd148aba.jpg,5c47bd148aba.jpg,1,modern_grey,모던 그레이,modern grey industrial studio,"modern,grey",,False,ohou.se,
5c6c6589247a.JPG,5c6c6589247a.JPG,1,modern_grey,모던 그레이,modern grey industrial studio,"modern,grey",,False,ohou.se,
5cdf711d4939.jpeg,5cdf711d4939.jpeg,6,monochrome_minimal,모노톤 미니멀,monochrome minimalist interior,"monochrome,minimal",,False,ohou.se,
5ce33f94121a.jpg,5ce33f94121a.jpg,2,minimal_white,미니멀 화이트,minimal white scandinavian room,"minimal,white",,False,ohou.se,
5ced7384b0f2.jpg,5ced7384b0f2.jpg,1,modern_grey,모던 그레이,modern grey industrial studio,"modern,grey",,False,ohou.se,
5cf0bc8ab8d4.jpg,5cf0bc8ab8d4.jpg,1,modern_grey,모던 그레이,modern grey industrial studio,"modern,grey",,False,ohou.se,
5cf95afd8343.jpg,5cf95afd8343.jpg,8,vintage_retro,빈티지 레트로,vintage retro small room,"vintage,retro",,False,ohou.se,
5dcc1bc7da90.jpg,5dcc1bc7da90.jpg,1,modern_grey,모던 그레이,modern grey industrial studio,"modern,grey",,False,ohou.se,
5de8e39ee10e.jpg,5de8e39ee10e.jpg,8,vintage_retro,빈티지 레트로,vintage retro small room,"vintage,retro",,False,ohou.se,
5df1e46f443f.jpg,5df1e46f443f.jpg,7,natural_wood,내추럴 우드,natural wood tone small room,"natural,wood",,False,ohou.se,
5df944baf83c.jpg,5df944baf83c.jpg,1,modern_grey,모던 그레이,modern grey industrial studio,"modern,grey",,False,ohou.se,
5e19684d3212.jpg,5e19684d3212.jpg,8,vintage_retro,빈티지 레트로,vintage retro small room,"vintage,retro",,False,ohou.se,
5e19b14e7067.jpg,5e19b14e7067.jpg,8,vintage_retro,빈티지 레트로,vintage retro small room,"vintage,retro",,False,ohou.se,
5e7f6b02a0c2.jpg,5e7f6b02a0c2.jpg,4,plant_green,플랜트 그린,plant-filled green interior,"plant,green",,False,ohou.se,
5e8898091053.jpg,5e8898091053.jpg,8,vintage_retro,빈티지 레트로,vintage retro small room,"vintage,retro",,False,ohou.se,
5ee089fa314e.jpg,5ee089fa314e.jpg,1,modern_grey,모던 그레이,modern grey industrial studio,"modern,grey",,False,ohou.se,
5f735166dbef.jpg,5f735166dbef.jpg,1,modern_grey,모던 그레이,modern grey industrial studio,"modern,grey",,False,ohou.se,
60115d858cc5.jpg,60115d858cc5.jpg,6,monochrome_minimal,모노톤 미니멀,monochrome minimalist interior,"monochrome,minimal",,False,ohou.se,
6013517921ef.jpg,6013517921ef.jpg,1,modern_grey,모던 그레이,modern grey industrial studio,"modern,grey",,False,ohou.se,
601aeec980c8.jpg,601aeec980c8.jpg,2,minimal_white,미니멀 화이트,minimal white scandinavian room,"minimal,white",,False,ohou.se,
60fa8b01f5d0.jpg,60fa8b01f5d0.jpg,6,monochrome_minimal,모노톤 미니멀,monochrome minimalist interior,"monochrome,minimal",,False,ohou.se,
618596d43015.jpg,618596d43015.jpg,8,vintage_retro,빈티지 레트로,vintage retro small room,"vintage,retro",,False,ohou.se,
61ea4b51a8b1.jpg,61ea4b51a8b1.jpg,8,vintage_retro,빈티지 레트로,vintage retro small room,"vintage,retro",,False,ohou.se,
620c79395b1a.webp,620c79395b1a.webp,5,warm_cozy,따뜻한 코지 원룸,warm cozy studio apartment interior,"warm,cozy",,False,ohou.se,
6218b15bd496.jpg,6218b15bd496.jpg,0,cute_pastel,파스텔 귀여운,cute pastel room decor,"cute,pastel",,False,ohou.se,
62221aca5025.jpeg,62221aca5025.jpeg,1,modern_grey,모던 그레이,modern grey industrial studio,"modern,grey",,False,ohou.se,
6247a1ea9514.jpg,6247a1ea9514.jpg,6,monochrome_minimal,모노톤 미니멀,monochrome minimalist interior,"monochrome,minimal",,False,ohou.se,
62d80d1ff7a8.JPG,62d80d1ff7a8.JPG,8,vintage_retro,빈티지 레트로,vintage retro small room,"vintage,retro",,False,ohou.se,
62f80048b278.jpg,62f80048b278.jpg,6,monochrome_minimal,모노톤 미니멀,monochrome minimalist interior,"monochrome,minimal",,False,ohou.se,
63d1aeeb3f53.png,63d1aeeb3f53.png,2,minimal_white,미니멀 화이트,minimal white scandinavian room,"minimal,white",,False,ohou.se,
6416af0cfb1b.jpg,6416af0cfb1b.jpg,6,monochrome_minimal,모노톤 미니멀,monochrome minimalist interior,"monochrome,minimal",,False,ohou.se,
6472839fc6c7.jpg,6472839fc6c7.jpg,6,monochrome_minimal,모노톤 미니멀,monochrome minimalist interior,"monochrome,minimal",,False,ohou.se,
64863de922ec.jpg,64863de922ec.jpg,3,luxury_modern,럭셔리 모던,luxury modern studio apartment,"luxury,modern",,False,ohou.se,
649fffb69a5d.jpg,649fffb69a5d.jpg,1,modern_grey,모던 그레이,modern grey industrial studio,"modern,grey",,False,ohou.se,
652421d05792.jpeg,652421d05792.jpeg,3,luxury_modern,럭셔리 모던,luxury modern studio apartment,"luxury,modern",,False,ohou.se,
65739031817d.jpg,65739031817d.jpg,6,monochrome_minimal,모노톤 미니멀,monochrome minimalist interior,"monochrome,minimal",,False,ohou.se,
65a3a354aa3c.jpg,65a3a354aa3c.jpg,0,cute_pastel,파스텔 귀여운,cute pastel room decor,"cute,pastel",,False,ohou.se,
65dbbf7a185a.jpg,65dbbf7a185a.jpg,2,minimal_white,미니멀 화이트,minimal white scandinavian room,"minimal,white",,False,ohou.se,
6610b95de7dc.jpg,6610b95de7dc.jpg,0,cute_pastel,파스텔 귀여운,cute pastel room decor,"cute,pastel",,False,ohou.se,
661b87c27095.jpg,661b87c27095.jpg,2,minimal_white,미니멀 화이트,minimal white scandinavian room,"minimal,white",,False,ohou.se,
66abd3ecabe7.jpg,66abd3ecabe7.jpg,3,luxury_modern,럭셔리 모던,luxury modern studio apartment,"luxury,modern",,False,ohou.se,
66adf2c17130.jpg,66adf2c17130.jpg,2,minimal_white,미니멀 화이트,minimal white scandinavian room,"minimal,white",,False,ohou.se,
66c85d8b3b79.jpg,66c85d8b3b79.jpg,0,cute_pastel,파스텔 귀여운,cute pastel room decor,"cute,pastel",,False,ohou.se,
66d6c656c0ad.jpg,66d6c656c0ad.jpg,4,plant_green,플랜트 그린,plant-filled green interior,"plant,green",,False,ohou.se,
66da73b1770e.jpg,66da73b1770e.jpg,2,minimal_white,미니멀 화이트,minimal white scandinavian room,"minimal,white",,False,ohou.se,
66dff7ac6acf.jpg,66dff7ac6acf.jpg,1,modern_grey,모던 그레이,modern grey industrial studio,"modern,grey",,False,ohou.se,
6756c4112cc4.jpg,6756c4112cc4.jpg,8,vintage_retro,빈티지 레트로,vintage retro small room,"vintage,retro",,False,ohou.se,
67a466e070b9.jpg,67a466e070b9.jpg,6,monochrome_minimal,모노톤 미니멀,monochrome minimalist interior,"monochrome,minimal",,False,ohou.se,
67c6c9b5abc4.jpg,67c6c9b5abc4.jpg,1,modern_grey,모던 그레이,modern grey industrial studio,"modern,grey",,False,ohou.se,
68eed6ee7905.jpg,68eed6ee7905.jpg,6,monochrome_minimal,모노톤 미니멀,monochrome minimalist interior,"monochrome,minimal",,False,ohou.se,
690eb1768353.jpeg,690eb1768353.jpeg,2,minimal_white,미니멀 화이트,minimal white scandinavian room,"minimal,white",,False,ohou.se,
6992639d6e11.jpg,6992639d6e11.jpg,0,cute_pastel,파스텔 귀여운,cute pastel room decor,"cute,pastel",,False,ohou.se,
69a9debd748a.jpg,69a9debd748a.jpg,0,cute_pastel,파스텔 귀여운,cute pastel room decor,"cute,pastel",,False,ohou.se,
69cffe5f945d.jpg,69cffe5f945d.jpg,4,plant_green,플랜트 그린,plant-filled green interior,"plant,green",,False,ohou.se,
6a0ce1caf4cf.jpg,6a0ce1caf4cf.jpg,2,minimal_white,미니멀 화이트,minimal white scandinavian room,"minimal,white",,False,ohou.se,
6a33622e238c.jpg,6a33622e238c.jpg,3,luxury_modern,럭셔리 모던,luxury modern studio apartment,"luxury,modern",,False,ohou.se,
6a38f02e5920.jpg,6a38f02e5920.jpg,6,monochrome_minimal,모노톤 미니멀,monochrome minimalist interior,"monochrome,minimal",,False,ohou.se,
6a9a167c50b8.jpg,6a9a167c50b8.jpg,1,modern_grey,모던 그레이,modern grey industrial studio,"modern,grey",,False,ohou.se,
6aa26610d537.jpg,6aa26610d537.jpg,1,modern_grey,모던 그레이,modern grey industrial studio,"modern,grey",,False,ohou.se,
6af703a65416.jpg,6af703a65416.jpg,8,vintage_retro,빈티지 레트로,vintage retro small room,"vintage,retro",,False,ohou.se,
6b284ca600ce.jpg,6b284ca600ce.jpg,2,minimal_white,미니멀 화이트,minimal white scandinavian room,"minimal,white",,False,ohou.se,
6b2c93034b1d.jpg,6b2c93034b1d.jpg,8,vintage_retro,빈티지 레트로,vintage retro small room,"vintage,retro",,True,ohou.se,
6b3550778f64.jpg,6b3550778f64.jpg,1,modern_grey,모던 그레이,modern grey industrial studio,"modern,grey",,False,ohou.se,
6ba646888f51.jpg,6ba646888f51.jpg,6,monochrome_minimal,모노톤 미니멀,monochrome minimalist interior,"monochrome,minimal",,False,ohou.se,
6bd98c05bd79.jpg,6bd98c05bd79.jpg,6,monochrome_minimal,모노톤 미니멀,monochrome minimalist interior,"monochrome,minimal",,False,ohou.se,
6c0a9d5df83f.jpg,6c0a9d5df83f.jpg,2,minimal_white,미니멀 화이트,minimal white scandinavian room,"minimal,white",,False,ohou.se,
6c427dc92c94.jpeg,6c427dc92c94.jpeg,0,cute_pastel,파스텔 귀여운,cute pastel room decor,"cute,pastel",,False,ohou.se,
6c7c8a1c4bc8.jpg,6c7c8a1c4bc8.jpg,1,modern_grey,모던 그레이,modern grey industrial studio,"modern,grey",,True,ohou.se,
6c824dfdc03b.jpg,6c824dfdc03b.jpg,3,luxury_modern,럭셔리 모던,luxury modern studio apartment,"luxury,modern",,False,ohou.se,
6caeec35f865.jpg,6caeec35f865.jpg,6,monochrome_minimal,모노톤 미니멀,monochrome minimalist interior,"monochrome,minimal",,False,ohou.se,
6cdd313ebb57.jpg,6cdd313ebb57.jpg,6,monochrome_minimal,모노톤 미니멀,monochrome minimalist interior,"monochrome,minimal",,False,ohou.se,
6d37681052b6.jpg,6d37681052b6.jpg,4,plant_green,플랜트 그린,plant-filled green interior,"plant,green",,False,ohou.se,
6d52d467989f.jpg,6d52d467989f.jpg,2,minimal_white,미니멀 화이트,minimal white scandinavian room,"minimal,white",,False,ohou.se,
6d72e9623e27.jpg,6d72e9623e27.jpg,6,monochrome_minimal,모노톤 미니멀,monochrome minimalist interior,"monochrome,minimal",,False,ohou.se,
6d79c0a54abd.jpg,6d79c0a54abd.jpg,6,monochrome_minimal,모노톤 미니멀,monochrome minimalist interior,"monochrome,minimal",,False,ohou.se,
6d7ad8d9aaca.jpg,6d7ad8d9aaca.jpg,1,modern_grey,모던 그레이,modern grey industrial studio,"modern,grey",,False,ohou.se,
6d8755ed1890.jpg,6d8755ed1890.jpg,1,modern_grey,모던 그레이,modern grey industrial studio,"modern,grey",,False,ohou.se,
6dc2921c6ccc.jpg,6dc2921c6ccc.jpg,6,monochrome_minimal,모노톤 미니멀,monochrome minimalist interior,"monochrome,minimal",,False,ohou.se,
6e333aeef021.jpg,6e333aeef021.jpg,3,luxury_modern,럭셔리 모던,luxury modern studio apartment,"luxury,modern",,False,ohou.se,
6e367ba857b9.jpg,6e367ba857b9.jpg,2,minimal_white,미니멀 화이트,minimal white scandinavian room,"minimal,white",,False,ohou.se,
6e8cc652ff87.jpg,6e8cc652ff87.jpg,4,plant_green,플랜트 그린,plant-filled green interior,"plant,green",,False,ohou.se,
6ea9cfcfed33.jpg,6ea9cfcfed33.jpg,3,luxury_modern,럭셔리 모던,luxury modern studio apartment,"luxury,modern",,False,ohou.se,
6f018c1bdbdf.jpg,6f018c1bdbdf.jpg,6,monochrome_minimal,모노톤 미니멀,monochrome minimalist interior,"monochrome,minimal",,False,ohou.se,
6fde19de3f90.jpg,6fde19de3f90.jpg,8,vintage_retro,빈티지 레트로,vintage retro small room,"vintage,retro",,False,ohou.se,
6fff82ce1e88.jpg,6fff82ce1e88.jpg,0,cute_pastel,파스텔 귀여운,cute pastel room decor,"cute,pastel",,False,ohou.se,
70200bf33f97.jpg,70200bf33f97.jpg,1,modern_grey,모던 그레이,modern grey industrial studio,"modern,grey",,False,ohou.se,
704c0700ef36.jpg,704c0700ef36.jpg,3,luxury_modern,럭셔리 모던,luxury modern studio apartment,"luxury,modern",,False,ohou.se,
707b4554141a.jpg,707b4554141a.jpg,1,modern_grey,모던 그레이,modern grey industrial studio,"modern,grey",,False,ohou.se,
7147d918af4d.jpg,7147d918af4d.jpg,3,luxury_modern,럭셔리 모던,luxury modern studio apartment,"luxury,modern",,False,ohou.se,
7147fc565ad4.jpg,7147fc565ad4.jpg,8,vintage_retro,빈티지 레트로,vintage retro small room,"vintage,retro",,False,ohou.se,
71506a4c2149.jpg,71506a4c2149.jpg,4,plant_green,플랜트 그린,plant-filled green interior,"plant,green",,False,ohou.se,
7170bf6c1af0.jpg,7170bf6c1af0.jpg,3,luxury_modern,럭셔리 모던,luxury modern studio apartment,"luxury,modern",,False,ohou.se,
717609bdf1eb.jpg,717609bdf1eb.jpg,1,modern_grey,모던 그레이,modern grey industrial studio,"modern,grey",,False,ohou.se,
71846af7f20d.jpeg,71846af7f20d.jpeg,2,minimal_white,미니멀 화이트,minimal white scandinavian room,"minimal,white",,False,ohou.se,
72182304e941.jpg,72182304e941.jpg,0,cute_pastel,파스텔 귀여운,cute pastel room decor,"cute,pastel",,False,ohou.se,
723ddf5f08c7.jpg,723ddf5f08c7.jpg,0,cute_pastel,파스텔 귀여운,cute pastel room decor,"cute,pastel",,False,ohou.se,
72f45503aeba.jpg,72f45503aeba.jpg,6,monochrome_minimal,모노톤 미니멀,monochrome minimalist interior,"monochrome,minimal",,False,ohou.se,
733e69be25c0.jpg,733e69be25c0.jpg,3,luxury_modern,럭셔리 모던,luxury modern studio apartment,"luxury,modern",,False,ohou.se,
733f04c6002b.jpg,733f04c6002b.jpg,6,monochrome_minimal,모노톤 미니멀,monochrome minimalist interior,"monochrome,minimal",,False,ohou.se,
7374ae1d0608.jpg,7374ae1d0608.jpg,1,modern_grey,모던 그레이,modern grey industrial studio,"modern,grey",,False,ohou.se,
73b356807a93.jpg,73b356807a93.jpg,8,vintage_retro,빈티지 레트로,vintage retro small room,"vintage,retro",,False,ohou.se,
73e18710db53.jpg,73e18710db53.jpg,1,modern_grey,모던 그레이,modern grey industrial studio,"modern,grey",,False,ohou.se,
74050184cba5.jpg,74050184cba5.jpg,0,cute_pastel,파스텔 귀여운,cute pastel room decor,"cute,pastel",,False,ohou.se,
743ede0feed6.JPG,743ede0feed6.JPG,3,luxury_modern,럭셔리 모던,luxury modern studio apartment,"luxury,modern",,False,ohou.se,
749cff4bc1df.jpg,749cff4bc1df.jpg,7,natural_wood,내추럴 우드,natural wood tone small room,"natural,wood",,False,ohou.se,
74a893dc6d5d.jpg,74a893dc6d5d.jpg,6,monochrome_minimal,모노톤 미니멀,monochrome minimalist interior,"monochrome,minimal",,False,ohou.se,
74b4d43744b0.jpg,74b4d43744b0.jpg,6,monochrome_minimal,모노톤 미니멀,monochrome minimalist interior,"monochrome,minimal",,False,ohou.se,
74b9ab7e9fc2.jpg,74b9ab7e9fc2.jpg,2,minimal_white,미니멀 화이트,minimal white scandinavian room,"minimal,white",,False,ohou.se,
74d3ea80e50d.jpg,74d3ea80e50d.jpg,6,monochrome_minimal,모노톤 미니멀,monochrome minimalist interior,"monochrome,minimal",,False,ohou.se,
7564f96a4578.jpg,7564f96a4578.jpg,2,minimal_white,미니멀 화이트,minimal white scandinavian room,"minimal,white",,False,ohou.se,
7590ef6808c6.jpg,7590ef6808c6.jpg,0,cute_pastel,파스텔 귀여운,cute pastel room decor,"cute,pastel",,True,ohou.se,
75bcdd31f4aa.jpg,75bcdd31f4aa.jpg,3,luxury_modern,럭셔리 모던,luxury modern studio apartment,"luxury,modern",,False,ohou.se,
76224a274ec2.jpg,76224a274ec2.jpg,1,modern_grey,모던 그레이,modern grey industrial studio,"modern,grey",,False,ohou.se,
76c2ecbb69d2.jpg,76c2ecbb69d2.jpg,6,monochrome_minimal,모노톤 미니멀,monochrome minimalist interior,"monochrome,minimal",,False,ohou.se,
76decc3af9b8.jpg,76decc3af9b8.jpg,0,cute_pastel,파스텔 귀여운,cute pastel room decor,"cute,pastel",,False,ohou.se,
76e1b2b002c0.jpg,76e1b2b002c0.jpg,8,vintage_retro,빈티지 레트로,vintage retro small room,"vintage,retro",,False,ohou.se,
7736201e2aa1.jpeg,7736201e2aa1.jpeg,6,monochrome_minimal,모노톤 미니멀,monochrome minimalist interior,"monochrome,minimal",,False,ohou.se,
773b80970619.jpg,773b80970619.jpg,2,minimal_white,미니멀 화이트,minimal white scandinavian room,"minimal,white",,False,ohou.se,
78a7cdcfc598.jpg,78a7cdcfc598.jpg,1,modern_grey,모던 그레이,modern grey industrial studio,"modern,grey",,False,ohou.se,
78be04983e06.jpg,78be04983e06.jpg,6,monochrome_minimal,모노톤 미니멀,monochrome minimalist interior,"monochrome,minimal",,False,ohou.se,
78cffd07f11b.jpg,78cffd07f11b.jpg,6,monochrome_minimal,모노톤 미니멀,monochrome minimalist interior,"monochrome,minimal",,False,ohou.se,
78ec38b81a15.jpg,78ec38b81a15.jpg,8,vintage_retro,빈티지 레트로,vintage retro small room,"vintage,retro",,False,ohou.se,
78f0382af9ed.jpg,78f0382af9ed.jpg,5,warm_cozy,따뜻한 코지 원룸,warm cozy studio apartment interior,"warm,cozy",,False,ohou.se,
79094de2e41d.jpg,79094de2e41d.jpg,2,minimal_white,미니멀 화이트,minimal white scandinavian room,"minimal,white",,False,ohou.se,
7933b99db922.jpg,7933b99db922.jpg,1,modern_grey,모던 그레이,modern grey industrial studio,"modern,grey",,False,ohou.se,
79653b8068f4.jpg,79653b8068f4.jpg,1,modern_grey,모던 그레이,modern grey industrial studio,"modern,grey",,False,ohou.se,
7968f70bdb8f.jpg,7968f70bdb8f.jpg,3,luxury_modern,럭셔리 모던,luxury modern studio apartment,"luxury,modern",,False,ohou.se,
7a20c7cafb3b.jpg,7a20c7cafb3b.jpg,4,plant_green,플랜트 그린,plant-filled green interior,"plant,green",,False,ohou.se,
7a576e63c6dc.jpg,7a576e63c6dc.jpg,6,monochrome_minimal,모노톤 미니멀,monochrome minimalist interior,"monochrome,minimal",,False,ohou.se,
7a5df9d45492.png,7a5df9d45492.png,3,luxury_modern,럭셔리 모던,luxury modern studio apartment,"luxury,modern",,False,ohou.se,
7ab26cda7a0e.jpg,7ab26cda7a0e.jpg,6,monochrome_minimal,모노톤 미니멀,monochrome minimalist interior,"monochrome,minimal",,False,ohou.se,
7abb55b41b2a.png,7abb55b41b2a.png,0,cute_pastel,파스텔 귀여운,cute pastel room decor,"cute,pastel",,False,ohou.se,
7ac4e24500e5.jpg,7ac4e24500e5.jpg,3,luxury_modern,럭셔리 모던,luxury modern studio apartment,"luxury,modern",,False,ohou.se,
7aca80c62c11.webp,7aca80c62c11.webp,7,natural_wood,내추럴 우드,natural wood tone small room,"natural,wood",,False,ohou.se,
7aebde21ebc9.jpg,7aebde21ebc9.jpg,0,cute_pastel,파스텔 귀여운,cute pastel room decor,"cute,pastel",,False,ohou.se,
7be47b08a2bd.jpg,7be47b08a2bd.jpg,4,plant_green,플랜트 그린,plant-filled green interior,"plant,green",,False,ohou.se,
7c16962a1ebf.jpg,7c16962a1ebf.jpg,3,luxury_modern,럭셔리 모던,luxury modern studio apartment,"luxury,modern",,False,ohou.se,
7c3138133bd4.jpg,7c3138133bd4.jpg,5,warm_cozy,따뜻한 코지 원룸,warm cozy studio apartment interior,"warm,cozy",,False,ohou.se,
7c333d96a774.jpg,7c333d96a774.jpg,1,modern_grey,모던 그레이,modern grey industrial studio,"modern,grey",,False,ohou.se,
7c37ceeb76b5.jpg,7c37ceeb76b5.jpg,1,modern_grey,모던 그레이,modern grey industrial studio,"modern,grey",,False,ohou.se,
7c571fe7ced0.jpg,7c571fe7ced0.jpg,1,modern_grey,모던 그레이,modern grey industrial studio,"modern,grey",,False,ohou.se,
7cf48c23b481.png,7cf48c23b481.png,3,luxury_modern,럭셔리 모던,luxury modern studio apartment,"luxury,modern",,False,ohou.se,
7d98d93b28e5.jpg,7d98d93b28e5.jpg,1,modern_grey,모던 그레이,modern grey industrial studio,"modern,grey",,False,ohou.se,
7de294e9c623.jpg,7de294e9c623.jpg,3,luxury_modern,럭셔리 모던,luxury modern studio apartment,"luxury,modern",,False,ohou.se,
7df585ab6b17.jpg,7df585ab6b17.jpg,6,monochrome_minimal,모노톤 미니멀,monochrome minimalist interior,"monochrome,minimal",,False,ohou.se,
7e0575cd59ab.jpg,7e0575cd59ab.jpg,4,plant_green,플랜트 그린,plant-filled green interior,"plant,green",,False,ohou.se,
7ed96aa185f4.jpg,7ed96aa185f4.jpg,4,plant_green,플랜트 그린,plant-filled green interior,"plant,green",,False,ohou.se,
7f42fe7aeb68.jpg,7f42fe7aeb68.jpg,6,monochrome_minimal,모노톤 미니멀,monochrome minimalist interior,"monochrome,minimal",,False,ohou.se,
7fd83fc5b307.jpg,7fd83fc5b307.jpg,2,minimal_white,미니멀 화이트,minimal white scandinavian room,"minimal,white",,False,ohou.se,
800dbd2ce1fe.jpg,800dbd2ce1fe.jpg,1,modern_grey,모던 그레이,modern grey industrial studio,"modern,grey",,False,ohou.se,
80332d2dd992.jpg,80332d2dd992.jpg,0,cute_pastel,파스텔 귀여운,cute pastel room decor,"cute,pastel",,False,ohou.se,
8041a9a68967.jpg,8041a9a68967.jpg,1,modern_grey,모던 그레이,modern grey industrial studio,"modern,grey",,False,ohou.se,
804ac59d024e.jpg,804ac59d024e.jpg,8,vintage_retro,빈티지 레트로,vintage retro small room,"vintage,retro",,False,ohou.se,
805ec4d71e05.jpg,805ec4d71e05.jpg,2,minimal_white,미니멀 화이트,minimal white scandinavian room,"minimal,white",,False,ohou.se,
806268ed5c19.jpg,806268ed5c19.jpg,6,monochrome_minimal,모노톤 미니멀,monochrome minimalist interior,"monochrome,minimal",,False,ohou.se,
80f62c08791f.jpg,80f62c08791f.jpg,6,monochrome_minimal,모노톤 미니멀,monochrome minimalist interior,"monochrome,minimal",,False,ohou.se,
8151246604b2.jpg,8151246604b2.jpg,6,monochrome_minimal,모노톤 미니멀,monochrome minimalist interior,"monochrome,minimal",,False,ohou.se,
8222a30347bc.jpeg,8222a30347bc.jpeg,2,minimal_white,미니멀 화이트,minimal white scandinavian room,"minimal,white",,False,ohou.se,
8229f5988890.jpg,8229f5988890.jpg,1,modern_grey,모던 그레이,modern grey industrial studio,"modern,grey",,False,ohou.se,
824fb0dee094.jpg,824fb0dee094.jpg,6,monochrome_minimal,모노톤 미니멀,monochrome minimalist interior,"monochrome,minimal",,False,ohou.se,
826da127978f.jpg,826da127978f.jpg,4,plant_green,플랜트 그린,plant-filled green interior,"plant,green",,False,ohou.se,
8295557183b8.jpg,8295557183b8.jpg,3,luxury_modern,럭셔리 모던,luxury modern studio apartment,"luxury,modern",,False,ohou.se,
8296460f85a4.jpg,8296460f85a4.jpg,8,vintage_retro,빈티지 레트로,vintage retro small room,"vintage,retro",,False,ohou.se,
82bfb8065990.jpeg,82bfb8065990.jpeg,2,minimal_white,미니멀 화이트,minimal white scandinavian room,"minimal,white",,False,ohou.se,
82bfddd987cb.jpg,82bfddd987cb.jpg,2,minimal_white,미니멀 화이트,minimal white scandinavian room,"minimal,white",,False,ohou.se,
82ed379dc360.webp,82ed379dc360.webp,2,minimal_white,미니멀 화이트,minimal white scandinavian room,"minimal,white",,False,ohou.se,
831f4a0afcdb.jpg,831f4a0afcdb.jpg,7,natural_wood,내추럴 우드,natural wood tone small room,"natural,wood",,False,ohou.se,
8320169a8515.jpg,8320169a8515.jpg,3,luxury_modern,럭셔리 모던,luxury modern studio apartment,"luxury,modern",,False,ohou.se,
833f3a20d23f.jpg,833f3a20d23f.jpg,3,luxury_modern,럭셔리 모던,luxury modern studio apartment,"luxury,modern",,False,ohou.se,
8389979f7524.jpg,8389979f7524.jpg,4,plant_green,플랜트 그린,plant-filled green interior,"plant,green",,False,ohou.se,
83a6a17d7830.jpg,83a6a17d7830.jpg,0,cute_pastel,파스텔 귀여운,cute pastel room decor,"cute,pastel",,False,ohou.se,
83ea1cfa12c7.jpeg,83ea1cfa12c7.jpeg,8,vintage_retro,빈티지 레트로,vintage retro small room,"vintage,retro",,False,ohou.se,
83ecb4f58e84.jpg,83ecb4f58e84.jpg,4,plant_green,플랜트 그린,plant-filled green interior,"plant,green",,False,ohou.se,
8494e1551c32.jpg,8494e1551c32.jpg,1,modern_grey,모던 그레이,modern grey industrial studio,"modern,grey",,False,ohou.se,
85135e00d9d1.jpg,85135e00d9d1.jpg,1,modern_grey,모던 그레이,modern grey industrial studio,"modern,grey",,False,ohou.se,
853b749e09fd.jpg,853b749e09fd.jpg,1,modern_grey,모던 그레이,modern grey industrial studio,"modern,grey",,False,ohou.se,
8552cfba2867.jpg,8552cfba2867.jpg,4,plant_green,플랜트 그린,plant-filled green interior,"plant,green",,False,ohou.se,
85640692df8e.jpg,85640692df8e.jpg,8,vintage_retro,빈티지 레트로,vintage retro small room,"vintage,retro",,False,ohou.se,
8590e7a74ac8.jpeg,8590e7a74ac8.jpeg,3,luxury_modern,럭셔리 모던,luxury modern studio apartment,"luxury,modern",,False,ohou.se,
86133ba0fe0f.jpg,86133ba0fe0f.jpg,2,minimal_white,미니멀 화이트,minimal white scandinavian room,"minimal,white",,False,ohou.se,
866a9f7450ec.jpg,866a9f7450ec.jpg,4,plant_green,플랜트 그린,plant-filled green interior,"plant,green",,False,ohou.se,
867b9d6d3dea.jpg,867b9d6d3dea.jpg,6,monochrome_minimal,모노톤 미니멀,monochrome minimalist interior,"monochrome,minimal",,False,ohou.se,
867d63e2bc8b.jpeg,867d63e2bc8b.jpeg,3,luxury_modern,럭셔리 모던,luxury modern studio apartment,"luxury,modern",,False,ohou.se,
87491763b031.jpg,87491763b031.jpg,6,monochrome_minimal,모노톤 미니멀,monochrome minimalist interior,"monochrome,minimal",,False,ohou.se,
874e3eb6c283.jpg,874e3eb6c283.jpg,1,modern_grey,모던 그레이,modern grey industrial studio,"modern,grey",,False,ohou.se,
87b09ff61788.jpeg,87b09ff61788.jpeg,1,modern_grey,모던 그레이,modern grey industrial studio,"modern,grey",,False,ohou.se,
87b779a45e07.jpg,87b779a45e07.jpg,2,minimal_white,미니멀 화이트,minimal white scandinavian room,"minimal,white",,True,ohou.se,
87da528ec7aa.jpg,87da528ec7aa.jpg,2,minimal_white,미니멀 화이트,minimal white scandinavian room,"minimal,white",,False,ohou.se,
8858e655877a.jpg,8858e655877a.jpg,8,vintage_retro,빈티지 레트로,vintage retro small room,"vintage,retro",,False,ohou.se,
889f72946b11.jpg,889f72946b11.jpg,2,minimal_white,미니멀 화이트,minimal white scandinavian room,"minimal,white",,False,ohou.se,
88aa85ef1b52.jpg,88aa85ef1b52.jpg,1,modern_grey,모던 그레이,modern grey industrial studio,"modern,grey",,False,ohou.se,
893fa0053dda.webp,893fa0053dda.webp,4,plant_green,플랜트 그린,plant-filled green interior,"plant,green",,False,ohou.se,
899b00550f8d.jpg,899b00550f8d.jpg,6,monochrome_minimal,모노톤 미니멀,monochrome minimalist interior,"monochrome,minimal",,False,ohou.se,
8aab56d92f4d.jpg,8aab56d92f4d.jpg,1,modern_grey,모던 그레이,modern grey industrial studio,"modern,grey",,False,ohou.se,
8aaea4209d07.jpg,8aaea4209d07.jpg,6,monochrome_minimal,모노톤 미니멀,monochrome minimalist interior,"monochrome,minimal",,False,ohou.se,
8ae98e0190b4.jpg,8ae98e0190b4.jpg,2,minimal_white,미니멀 화이트,minimal white scandinavian room,"minimal,white",,False,ohou.se,
8b0640ccd249.jpg,8b0640ccd249.jpg,8,vintage_retro,빈티지 레트로,vintage retro small room,"vintage,retro",,False,ohou.se,
8b2343f568a8.jpg,8b2343f568a8.jpg,2,minimal_white,미니멀 화이트,minimal white scandinavian room,"minimal,white",,False,ohou.se,
8b74efb27320.jpg,8b74efb27320.jpg,6,monochrome_minimal,모노톤 미니멀,monochrome minimalist interior,"monochrome,minimal",,False,ohou.se,
8bdb053a560b.jpg,8bdb053a560b.jpg,6,monochrome_minimal,모노톤 미니멀,monochrome minimalist interior,"monochrome,minimal",,False,ohou.se,
8c38300cf8b5.jpeg,8c38300cf8b5.jpeg,3,luxury_modern,럭셔리 모던,luxury modern studio apartment,"luxury,modern",,False,ohou.se,
8c49084a355d.jpg,8c49084a355d.jpg,1,modern_grey,모던 그레이,modern grey industrial studio,"modern,grey",,False,ohou.se,
8c737b8ccfb6.jpg,8c737b8ccfb6.jpg,6,monochrome_minimal,모노톤 미니멀,monochrome minimalist interior,"monochrome,minimal",,False,ohou.se,
8cb2d68d08f5.jpg,8cb2d68d08f5.jpg,3,luxury_modern,럭셔리 모던,luxury modern studio apartment,"luxury,modern",,False,ohou.se,
8cdf5467232a.jpg,8cdf5467232a.jpg,3,luxury_modern,럭셔리 모던,luxury modern studio apartment,"luxury,modern",,False,ohou.se,
8d3837189563.jpg,8d3837189563.jpg,0,cute_pastel,파스텔 귀여운,cute pastel room decor,"cute,pastel",,True,ohou.se,
8d3fac4380e2.jpg,8d3fac4380e2.jpg,3,luxury_modern,럭셔리 모던,luxury modern studio apartment,"luxury,modern",,False,ohou.se,
8d451b184859.jpg,8d451b184859.jpg,6,monochrome_minimal,모노톤 미니멀,monochrome minimalist interior,"monochrome,minimal",,False,ohou.se,
8de51787dba2.jpg,8de51787dba2.jpg,4,plant_green,플랜트 그린,plant-filled green interior,"plant,green",,False,ohou.se,
8e03b35721ab.jpg,8e03b35721ab.jpg,6,monochrome_minimal,모노톤 미니멀,monochrome minimalist interior,"monochrome,minimal",,False,ohou.se,
8e260d0871fe.jpg,8e260d0871fe.jpg,1,modern_grey,모던 그레이,modern grey industrial studio,"modern,grey",,False,ohou.se,
8e2f87f73962.jpg,8e2f87f73962.jpg,2,minimal_white,미니멀 화이트,minimal white scandinavian room,"minimal,white",,False,ohou.se,
8e411d12d326.jpg,8e411d12d326.jpg,7,natural_wood,내추럴 우드,natural wood tone small room,"natural,wood",,False,ohou.se,
8e7284107e9b.jpg,8e7284107e9b.jpg,0,cute_pastel,파스텔 귀여운,cute pastel room decor,"cute,pastel",,False,ohou.se,
8e730e1fa23a.jpg,8e730e1fa23a.jpg,8,vintage_retro,빈티지 레트로,vintage retro small room,"vintage,retro",,False,ohou.se,
8e8f238bd24b.jpg,8e8f238bd24b.jpg,0,cute_pastel,파스텔 귀여운,cute pastel room decor,"cute,pastel",,False,ohou.se,
8f69fb675409.jpg,8f69fb675409.jpg,4,plant_green,플랜트 그린,plant-filled green interior,"plant,green",,False,ohou.se,
8f87e17d377f.jpg,8f87e17d377f.jpg,4,plant_green,플랜트 그린,plant-filled green interior,"plant,green",,False,ohou.se,
8fdd89807de6.jpg,8fdd89807de6.jpg,2,minimal_white,미니멀 화이트,minimal white scandinavian room,"minimal,white",,False,ohou.se,
8ff3028eebe6.jpg,8ff3028eebe6.jpg,2,minimal_white,미니멀 화이트,minimal white scandinavian room,"minimal,white",,False,ohou.se,
900229cfa2ce.jpg,900229cfa2ce.jpg,2,minimal_white,미니멀 화이트,minimal white scandinavian room,"minimal,white",,False,ohou.se,
90253da93511.jpg,90253da93511.jpg,8,vintage_retro,빈티지 레트로,vintage retro small room,"vintage,retro",,False,ohou.se,
903a7ff2e573.jpg,903a7ff2e573.jpg,6,monochrome_minimal,모노톤 미니멀,monochrome minimalist interior,"monochrome,minimal",,False,ohou.se,
90ecc937c825.jpg,90ecc937c825.jpg,6,monochrome_minimal,모노톤 미니멀,monochrome minimalist interior,"monochrome,minimal",,False,ohou.se,
9110099f1604.png,9110099f1604.png,6,monochrome_minimal,모노톤 미니멀,monochrome minimalist interior,"monochrome,minimal",,False,ohou.se,
912806468749.jpg,912806468749.jpg,0,cute_pastel,파스텔 귀여운,cute pastel room decor,"cute,pastel",,False,ohou.se,
915eb9ed6895.jpg,915eb9ed6895.jpg,7,natural_wood,내추럴 우드,natural wood tone small room,"natural,wood",,False,ohou.se,
91c9cd148be6.jpg,91c9cd148be6.jpg,3,luxury_modern,럭셔리 모던,luxury modern studio apartment,"luxury,modern",,False,ohou.se,
9210fb00734d.jpg,9210fb00734d.jpg,6,monochrome_minimal,모노톤 미니멀,monochrome minimalist interior,"monochrome,minimal",,False,ohou.se,
921c4715fe3f.jpeg,921c4715fe3f.jpeg,3,luxury_modern,럭셔리 모던,luxury modern studio apartment,"luxury,modern",,False,ohou.se,
9250a17f21fa.webp,9250a17f21fa.webp,2,minimal_white,미니멀 화이트,minimal white scandinavian room,"minimal,white",,False,ohou.se,
9254a6fb5ad0.jpg,9254a6fb5ad0.jpg,1,modern_grey,모던 그레이,modern grey industrial studio,"modern,grey",,False,ohou.se,
926bd8913cc5.jpg,926bd8913cc5.jpg,2,minimal_white,미니멀 화이트,minimal white scandinavian room,"minimal,white",,False,ohou.se,
9297a4a14436.jpg,9297a4a14436.jpg,1,modern_grey,모던 그레이,modern grey industrial studio,"modern,grey",,False,ohou.se,
92f3e713becd.jpg,92f3e713becd.jpg,1,modern_grey,모던 그레이,modern grey industrial studio,"modern,grey",,False,ohou.se,
933e13603d4c.JPG,933e13603d4c.JPG,1,modern_grey,모던 그레이,modern grey industrial studio,"modern,grey",,False,ohou.se,
93502fb47463.jpg,93502fb47463.jpg,3,luxury_modern,럭셔리 모던,luxury modern studio apartment,"luxury,modern",,False,ohou.se,
9361fd94bdd3.jpg,9361fd94bdd3.jpg,8,vintage_retro,빈티지 레트로,vintage retro small room,"vintage,retro",,False,ohou.se,
94136046a23c.jpg,94136046a23c.jpg,3,luxury_modern,럭셔리 모던,luxury modern studio apartment,"luxury,modern",,False,ohou.se,
941f64069f56.jpg,941f64069f56.jpg,8,vintage_retro,빈티지 레트로,vintage retro small room,"vintage,retro",,False,ohou.se,
9427212bb670.jpg,9427212bb670.jpg,0,cute_pastel,파스텔 귀여운,cute pastel room decor,"cute,pastel",,False,ohou.se,
943a200017db.jpg,943a200017db.jpg,8,vintage_retro,빈티지 레트로,vintage retro small room,"vintage,retro",,False,ohou.se,
944bbe54e18f.jpg,944bbe54e18f.jpg,3,luxury_modern,럭셔리 모던,luxury modern studio apartment,"luxury,modern",,False,ohou.se,
947221f95a26.jpg,947221f95a26.jpg,1,modern_grey,모던 그레이,modern grey industrial studio,"modern,grey",,False,ohou.se,
947c85616010.jpg,947c85616010.jpg,6,monochrome_minimal,모노톤 미니멀,monochrome minimalist interior,"monochrome,minimal",,False,ohou.se,
9496b8bb7339.jpg,9496b8bb7339.jpg,0,cute_pastel,파스텔 귀여운,cute pastel room decor,"cute,pastel",,False,ohou.se,
94a4133d68c2.jpg,94a4133d68c2.jpg,2,minimal_white,미니멀 화이트,minimal white scandinavian room,"minimal,white",,False,ohou.se,
94c1ffb030c3.jpg,94c1ffb030c3.jpg,1,modern_grey,모던 그레이,modern grey industrial studio,"modern,grey",,False,ohou.se,
94cf71c657ed.jpg,94cf71c657ed.jpg,3,luxury_modern,럭셔리 모던,luxury modern studio apartment,"luxury,modern",,False,ohou.se,
94e6a9a4ad55.jpg,94e6a9a4ad55.jpg,6,monochrome_minimal,모노톤 미니멀,monochrome minimalist interior,"monochrome,minimal",,False,ohou.se,
9552b7d96db4.jpg,9552b7d96db4.jpg,6,monochrome_minimal,모노톤 미니멀,monochrome minimalist interior,"monochrome,minimal",,False,ohou.se,
9560ac3ecf91.jpg,9560ac3ecf91.jpg,8,vintage_retro,빈티지 레트로,vintage retro small room,"vintage,retro",,False,ohou.se,
957944ea555a.jpg,957944ea555a.jpg,1,modern_grey,모던 그레이,modern grey industrial studio,"modern,grey",,False,ohou.se,
957fe9e84eaa.jpg,957fe9e84eaa.jpg,3,luxury_modern,럭셔리 모던,luxury modern studio apartment,"luxury,modern",,False,ohou.se,
95b02b3c34de.jpg,95b02b3c34de.jpg,1,modern_grey,모던 그레이,modern grey industrial studio,"modern,grey",,False,ohou.se,
95ecce67a2e0.jpg,95ecce67a2e0.jpg,2,minimal_white,미니멀 화이트,minimal white scandinavian room,"minimal,white",,False,ohou.se,
961a05f433a0.jpg,961a05f433a0.jpg,2,minimal_white,미니멀 화이트,minimal white scandinavian room,"minimal,white",,False,ohou.se,
964dda1ee7d3.webp,964dda1ee7d3.webp,1,modern_grey,모던 그레이,modern grey industrial studio,"modern,grey",,False,ohou.se,
96a3a99cef5c.jpg,96a3a99cef5c.jpg,6,monochrome_minimal,모노톤 미니멀,monochrome minimalist interior,"monochrome,minimal",,False,ohou.se,
96c87d651ff2.jpg,96c87d651ff2.jpg,1,modern_grey,모던 그레이,modern grey industrial studio,"modern,grey",,False,ohou.se,
978cfccd8b25.jpg,978cfccd8b25.jpg,2,minimal_white,미니멀 화이트,minimal white scandinavian room,"minimal,white",,False,ohou.se,
97a8033e261b.jpg,97a8033e261b.jpg,4,plant_green,플랜트 그린,plant-filled green interior,"plant,green",,False,ohou.se,
980f492a9fe0.jpg,980f492a9fe0.jpg,8,vintage_retro,빈티지 레트로,vintage retro small room,"vintage,retro",,False,ohou.se,
98354a2232ab.jpg,98354a2232ab.jpg,3,luxury_modern,럭셔리 모던,luxury modern studio apartment,"luxury,modern",,False,ohou.se,
98361d0f7723.jpg,98361d0f7723.jpg,7,natural_wood,내추럴 우드,natural wood tone small room,"natural,wood",,True,ohou.se,
9843a8e88860.jpg,9843a8e88860.jpg,6,monochrome_minimal,모노톤 미니멀,monochrome minimalist interior,"monochrome,minimal",,False,ohou.se,
98a1a1aaa97a.jpg,98a1a1aaa97a.jpg,6,monochrome_minimal,모노톤 미니멀,monochrome minimalist interior,"monochrome,minimal",,False,ohou.se,
98a74830781b.jpg,98a74830781b.jpg,2,minimal_white,미니멀 화이트,minimal white scandinavian room,"minimal,white",,False,ohou.se,
98b04778517d.jpg,98b04778517d.jpg,8,vintage_retro,빈티지 레트로,vintage retro small room,"vintage,retro",,False,ohou.se,
98e2e431f657.jpg,98e2e431f657.jpg,1,modern_grey,모던 그레이,modern grey industrial studio,"modern,grey",,False,ohou.se,
99948c4c6d33.jpg,99948c4c6d33.jpg,3,luxury_modern,럭셔리 모던,luxury modern studio apartment,"luxury,modern",,False,ohou.se,
9996d5a439c4.jpeg,9996d5a439c4.jpeg,2,minimal_white,미니멀 화이트,minimal white scandinavian room,"minimal,white",,False,ohou.se,
99a6e4cd4f1b.jpg,99a6e4cd4f1b.jpg,8,vintage_retro,빈티지 레트로,vintage retro small room,"vintage,retro",,False,ohou.se,
99a984218b71.jpg,99a984218b71.jpg,4,plant_green,플랜트 그린,plant-filled green interior,"plant,green",,False,ohou.se,
99cd675b3aca.jpg,99cd675b3aca.jpg,4,plant_green,플랜트 그린,plant-filled green interior,"plant,green",,False,ohou.se,
99dc5450b14d.jpg,99dc5450b14d.jpg,0,cute_pastel,파스텔 귀여운,cute pastel room decor,"cute,pastel",,False,ohou.se,
99fc6af23a1a.JPG,99fc6af23a1a.JPG,2,minimal_white,미니멀 화이트,minimal white scandinavian room,"minimal,white",,False,ohou.se,
9a2178684da5.jpg,9a2178684da5.jpg,4,plant_green,플랜트 그린,plant-filled green interior,"plant,green",,False,ohou.se,
9a5b034f454e.jpg,9a5b034f454e.jpg,4,plant_green,플랜트 그린,plant-filled green interior,"plant,green",,False,ohou.se,
9a71549f63af.jpg,9a71549f63af.jpg,1,modern_grey,모던 그레이,modern grey industrial studio,"modern,grey",,False,ohou.se,
9aad4bded323.jpg,9aad4bded323.jpg,4,plant_green,플랜트 그린,plant-filled green interior,"plant,green",,False,ohou.se,
9b2dc900b318.jpg,9b2dc900b318.jpg,1,modern_grey,모던 그레이,modern grey industrial studio,"modern,grey",,False,ohou.se,
9b5d9e7c6fea.jpg,9b5d9e7c6fea.jpg,2,minimal_white,미니멀 화이트,minimal white scandinavian room,"minimal,white",,False,ohou.se,
9b6823a68a21.jpg,9b6823a68a21.jpg,1,modern_grey,모던 그레이,modern grey industrial studio,"modern,grey",,False,ohou.se,
9bbcd6955888.jpg,9bbcd6955888.jpg,1,modern_grey,모던 그레이,modern grey industrial studio,"modern,grey",,False,ohou.se,
9c6c5c57ec99.jpg,9c6c5c57ec99.jpg,0,cute_pastel,파스텔 귀여운,cute pastel room decor,"cute,pastel",,False,ohou.se,
9c718519cf53.jpg,9c718519cf53.jpg,2,minimal_white,미니멀 화이트,minimal white scandinavian room,"minimal,white",,True,ohou.se,
9c853312cff4.jpg,9c853312cff4.jpg,4,plant_green,플랜트 그린,plant-filled green interior,"plant,green",,False,ohou.se,
9d2e90e750ca.jpg,9d2e90e750ca.jpg,6,monochrome_minimal,모노톤 미니멀,monochrome minimalist interior,"monochrome,minimal",,False,ohou.se,
9d31ea170e93.jpg,9d31ea170e93.jpg,6,monochrome_minimal,모노톤 미니멀,monochrome minimalist interior,"monochrome,minimal",,False,ohou.se,
9d3b1a7ddd95.jpg,9d3b1a7ddd95.jpg,0,cute_pastel,파스텔 귀여운,cute pastel room decor,"cute,pastel",,True,ohou.se,
9d669043837b.jpg,9d669043837b.jpg,8,vintage_retro,빈티지 레트로,vintage retro small room,"vintage,retro",,False,ohou.se,
9d7a1cc153a0.jpg,9d7a1cc153a0.jpg,8,vintage_retro,빈티지 레트로,vintage retro small room,"vintage,retro",,False,ohou.se,
9d8210d235d7.jpg,9d8210d235d7.jpg,2,minimal_white,미니멀 화이트,minimal white scandinavian room,"minimal,white",,False,ohou.se,
9d8248c2dc24.jpg,9d8248c2dc24.jpg,8,vintage_retro,빈티지 레트로,vintage retro small room,"vintage,retro",,False,ohou.se,
9da3ea34bc12.jpg,9da3ea34bc12.jpg,1,modern_grey,모던 그레이,modern grey industrial studio,"modern,grey",,False,ohou.se,
9de793847d46.jpg,9de793847d46.jpg,3,luxury_modern,럭셔리 모던,luxury modern studio apartment,"luxury,modern",,False,ohou.se,
9deddc8e363b.jpg,9deddc8e363b.jpg,6,monochrome_minimal,모노톤 미니멀,monochrome minimalist interior,"monochrome,minimal",,False,ohou.se,
9df4b21b3f30.jpg,9df4b21b3f30.jpg,4,plant_green,플랜트 그린,plant-filled green interior,"plant,green",,False,ohou.se,
9e43b9808f8c.jpg,9e43b9808f8c.jpg,8,vintage_retro,빈티지 레트로,vintage retro small room,"vintage,retro",,False,ohou.se,
9e49700e1238.jpg,9e49700e1238.jpg,8,vintage_retro,빈티지 레트로,vintage retro small room,"vintage,retro",,False,ohou.se,
9edeb6933d7b.jpg,9edeb6933d7b.jpg,8,vintage_retro,빈티지 레트로,vintage retro small room,"vintage,retro",,False,ohou.se,
9effee9c33e5.jpg,9effee9c33e5.jpg,3,luxury_modern,럭셔리 모던,luxury modern studio apartment,"luxury,modern",,False,ohou.se,
9f14a8373d6c.jpg,9f14a8373d6c.jpg,2,minimal_white,미니멀 화이트,minimal white scandinavian room,"minimal,white",,False,ohou.se,
9f2e062ccf9b.jpg,9f2e062ccf9b.jpg,1,modern_grey,모던 그레이,modern grey industrial studio,"modern,grey",,False,ohou.se,
9f83b20b5dba.jpg,9f83b20b5dba.jpg,6,monochrome_minimal,모노톤 미니멀,monochrome minimalist interior,"monochrome,minimal",,False,ohou.se,
9fc4363b8db2.jpg,9fc4363b8db2.jpg,6,monochrome_minimal,모노톤 미니멀,monochrome minimalist interior,"monochrome,minimal",,False,ohou.se,
a05cce19328c.jpg,a05cce19328c.jpg,6,monochrome_minimal,모노톤 미니멀,monochrome minimalist interior,"monochrome,minimal",,False,ohou.se,
a082227f0537.jpg,a082227f0537.jpg,3,luxury_modern,럭셔리 모던,luxury modern studio apartment,"luxury,modern",,False,ohou.se,
a0ded3083691.jpeg,a0ded3083691.jpeg,1,modern_grey,모던 그레이,modern grey industrial studio,"modern,grey",,False,ohou.se,
a189c56cd559.jpg,a189c56cd559.jpg,2,minimal_white,미니멀 화이트,minimal white scandinavian room,"minimal,white",,False,ohou.se,
a1bd4ceb82ff.jpg,a1bd4ceb82ff.jpg,3,luxury_modern,럭셔리 모던,luxury modern studio apartment,"luxury,modern",,False,ohou.se,
a1dfe3ea50fb.jpeg,a1dfe3ea50fb.jpeg,3,luxury_modern,럭셔리 모던,luxury modern studio apartment,"luxury,modern",,False,ohou.se,
a222476335d3.jpg,a222476335d3.jpg,1,modern_grey,모던 그레이,modern grey industrial studio,"modern,grey",,False,ohou.se,
a27eef074bda.jpeg,a27eef074bda.jpeg,0,cute_pastel,파스텔 귀여운,cute pastel room decor,"cute,pastel",,False,ohou.se,
a290fc9e9539.jpeg,a290fc9e9539.jpeg,2,minimal_white,미니멀 화이트,minimal white scandinavian room,"minimal,white",,False,ohou.se,
a2ee919e6d70.jpg,a2ee919e6d70.jpg,4,plant_green,플랜트 그린,plant-filled green interior,"plant,green",,False,ohou.se,
a30100abc28a.jpg,a30100abc28a.jpg,8,vintage_retro,빈티지 레트로,vintage retro small room,"vintage,retro",,False,ohou.se,
a36bdde20fec.jpg,a36bdde20fec.jpg,5,warm_cozy,따뜻한 코지 원룸,warm cozy studio apartment interior,"warm,cozy",,False,ohou.se,
a3764206b1b6.jpg,a3764206b1b6.jpg,2,minimal_white,미니멀 화이트,minimal white scandinavian room,"minimal,white",,False,ohou.se,
a384ff55081a.jpg,a384ff55081a.jpg,4,plant_green,플랜트 그린,plant-filled green interior,"plant,green",,False,ohou.se,
a3acb5f72954.jpg,a3acb5f72954.jpg,0,cute_pastel,파스텔 귀여운,cute pastel room decor,"cute,pastel",,False,ohou.se,
a3f983e3f063.jpg,a3f983e3f063.jpg,2,minimal_white,미니멀 화이트,minimal white scandinavian room,"minimal,white",,False,ohou.se,
a41bdb5845d4.jpg,a41bdb5845d4.jpg,6,monochrome_minimal,모노톤 미니멀,monochrome minimalist interior,"monochrome,minimal",,False,ohou.se,
a44237d0134f.jpg,a44237d0134f.jpg,0,cute_pastel,파스텔 귀여운,cute pastel room decor,"cute,pastel",,False,ohou.se,
a443d6d87369.jpg,a443d6d87369.jpg,4,plant_green,플랜트 그린,plant-filled green interior,"plant,green",,False,ohou.se,
a46af5d2c194.jpg,a46af5d2c194.jpg,4,plant_green,플랜트 그린,plant-filled green interior,"plant,green",,False,ohou.se,
a48333b83d00.jpg,a48333b83d00.jpg,3,luxury_modern,럭셔리 모던,luxury modern studio apartment,"luxury,modern",,False,ohou.se,
a4b85d93ece6.jpg,a4b85d93ece6.jpg,2,minimal_white,미니멀 화이트,minimal white scandinavian room,"minimal,white",,False,ohou.se,
a5b4a45c9a35.jpg,a5b4a45c9a35.jpg,2,minimal_white,미니멀 화이트,minimal white scandinavian room,"minimal,white",,False,ohou.se,
a621708f00cf.jpg,a621708f00cf.jpg,1,modern_grey,모던 그레이,modern grey industrial studio,"modern,grey",,False,ohou.se,
a67f6146dae0.jpg,a67f6146dae0.jpg,3,luxury_modern,럭셔리 모던,luxury modern studio apartment,"luxury,modern",,False,ohou.se,
a7360513232b.jpg,a7360513232b.jpg,7,natural_wood,내추럴 우드,natural wood tone small room,"natural,wood",,False,ohou.se,
a7574e911e4e.jpg,a7574e911e4e.jpg,1,modern_grey,모던 그레이,modern grey industrial studio,"modern,grey",,False,ohou.se,
a772a23e1368.jpg,a772a23e1368.jpg,0,cute_pastel,파스텔 귀여운,cute pastel room decor,"cute,pastel",,False,ohou.se,
a7871d68d866.webp,a7871d68d866.webp,1,modern_grey,모던 그레이,modern grey industrial studio,"modern,grey",,False,ohou.se,
a7eb064b014a.jpeg,a7eb064b014a.jpeg,6,monochrome_minimal,모노톤 미니멀,monochrome minimalist interior,"monochrome,minimal",,False,ohou.se,
a7f34d1bd6a7.jpg,a7f34d1bd6a7.jpg,8,vintage_retro,빈티지 레트로,vintage retro small room,"vintage,retro",,False,ohou.se,
a806b7437118.jpeg,a806b7437118.jpeg,2,minimal_white,미니멀 화이트,minimal white scandinavian room,"minimal,white",,False,ohou.se,
a825c8a115d6.jpg,a825c8a115d6.jpg,1,modern_grey,모던 그레이,modern grey industrial studio,"modern,grey",,False,ohou.se,
a83b762946bb.jpg,a83b762946bb.jpg,2,minimal_white,미니멀 화이트,minimal white scandinavian room,"minimal,white",,True,ohou.se,
a845cac0012f.jpg,a845cac0012f.jpg,6,monochrome_minimal,모노톤 미니멀,monochrome minimalist interior,"monochrome,minimal",,False,ohou.se,
a85f33e4334f.jpg,a85f33e4334f.jpg,6,monochrome_minimal,모노톤 미니멀,monochrome minimalist interior,"monochrome,minimal",,False,ohou.se,
a8a0f0f4ebd8.jpg,a8a0f0f4ebd8.jpg,6,monochrome_minimal,모노톤 미니멀,monochrome minimalist interior,"monochrome,minimal",,False,ohou.se,
a8c2d70f4961.jpg,a8c2d70f4961.jpg,4,plant_green,플랜트 그린,plant-filled green interior,"plant,green",,False,ohou.se,
a914cd4db1a6.jpg,a914cd4db1a6.jpg,8,vintage_retro,빈티지 레트로,vintage retro small room,"vintage,retro",,False,ohou.se,
a9443e940040.jpg,a9443e940040.jpg,1,modern_grey,모던 그레이,modern grey industrial studio,"modern,grey",,False,ohou.se,
a97b2793c06e.jpg,a97b2793c06e.jpg,1,modern_grey,모던 그레이,modern grey industrial studio,"modern,grey",,False,ohou.se,
aa879251060d.jpg,aa879251060d.jpg,6,monochrome_minimal,모노톤 미니멀,monochrome minimalist interior,"monochrome,minimal",,False,ohou.se,
aa89cc40cdc2.jpg,aa89cc40cdc2.jpg,4,plant_green,플랜트 그린,plant-filled green interior,"plant,green",,False,ohou.se,
aa8da5e84e45.jpg,aa8da5e84e45.jpg,2,minimal_white,미니멀 화이트,minimal white scandinavian room,"minimal,white",,False,ohou.se,
aac79c34783c.jpg,aac79c34783c.jpg,2,minimal_white,미니멀 화이트,minimal white scandinavian room,"minimal,white",,False,ohou.se,
aad9d807396e.jpg,aad9d807396e.jpg,2,minimal_white,미니멀 화이트,minimal white scandinavian room,"minimal,white",,False,ohou.se,
ab10d3077d81.jpg,ab10d3077d81.jpg,1,modern_grey,모던 그레이,modern grey industrial studio,"modern,grey",,False,ohou.se,
ab33dc11f9be.jpg,ab33dc11f9be.jpg,0,cute_pastel,파스텔 귀여운,cute pastel room decor,"cute,pastel",,False,ohou.se,
ab598a955e51.jpg,ab598a955e51.jpg,0,cute_pastel,파스텔 귀여운,cute pastel room decor,"cute,pastel",,False,ohou.se,
ac11a0321c75.jpg,ac11a0321c75.jpg,6,monochrome_minimal,모노톤 미니멀,monochrome minimalist interior,"monochrome,minimal",,False,ohou.se,
ac31675ed17f.jpg,ac31675ed17f.jpg,6,monochrome_minimal,모노톤 미니멀,monochrome minimalist interior,"monochrome,minimal",,False,ohou.se,
ac49a95a2d98.jpg,ac49a95a2d98.jpg,1,modern_grey,모던 그레이,modern grey industrial studio,"modern,grey",,False,ohou.se,
ac6f9a443196.jpg,ac6f9a443196.jpg,3,luxury_modern,럭셔리 모던,luxury modern studio apartment,"luxury,modern",,False,ohou.se,
acce8a2d0ad8.jpg,acce8a2d0ad8.jpg,6,monochrome_minimal,모노톤 미니멀,monochrome minimalist interior,"monochrome,minimal",,False,ohou.se,
ad0f99c74c85.jpg,ad0f99c74c85.jpg,8,vintage_retro,빈티지 레트로,vintage retro small room,"vintage,retro",,False,ohou.se,
ad77f845820f.jpg,ad77f845820f.jpg,5,warm_cozy,따뜻한 코지 원룸,warm cozy studio apartment interior,"warm,cozy",,False,ohou.se,
ad79895a0367.jpg,ad79895a0367.jpg,0,cute_pastel,파스텔 귀여운,cute pastel room decor,"cute,pastel",,False,ohou.se,
ada4c848a24b.webp,ada4c848a24b.webp,2,minimal_white,미니멀 화이트,minimal white scandinavian room,"minimal,white",,False,ohou.se,
adacb7f2b9c2.jpg,adacb7f2b9c2.jpg,1,modern_grey,모던 그레이,modern grey industrial studio,"modern,grey",,False,ohou.se,
adc27f8fe955.jpg,adc27f8fe955.jpg,2,minimal_white,미니멀 화이트,minimal white scandinavian room,"minimal,white",,False,ohou.se,
adc95106fbfb.jpg,adc95106fbfb.jpg,8,vintage_retro,빈티지 레트로,vintage retro small room,"vintage,retro",,False,ohou.se,
ae39edf7d9d9.jpg,ae39edf7d9d9.jpg,6,monochrome_minimal,모노톤 미니멀,monochrome minimalist interior,"monochrome,minimal",,False,ohou.se,
aec7e204aa30.jpg,aec7e204aa30.jpg,2,minimal_white,미니멀 화이트,minimal white scandinavian room,"minimal,white",,False,ohou.se,
aee3200ab3f8.jpg,aee3200ab3f8.jpg,0,cute_pastel,파스텔 귀여운,cute pastel room decor,"cute,pastel",,False,ohou.se,
aeebdd85c12a.jpg,aeebdd85c12a.jpg,6,monochrome_minimal,모노톤 미니멀,monochrome minimalist interior,"monochrome,minimal",,False,ohou.se,
aef698ef5abe.jpg,aef698ef5abe.jpg,6,monochrome_minimal,모노톤 미니멀,monochrome minimalist interior,"monochrome,minimal",,False,ohou.se,
af6694376285.jpg,af6694376285.jpg,1,modern_grey,모던 그레이,modern grey industrial studio,"modern,grey",,False,ohou.se,
af8e84da8cca.jpg,af8e84da8cca.jpg,6,monochrome_minimal,모노톤 미니멀,monochrome minimalist interior,"monochrome,minimal",,False,ohou.se,
af9bc7e7edc8.jpg,af9bc7e7edc8.jpg,2,minimal_white,미니멀 화이트,minimal white scandinavian room,"minimal,white",,False,ohou.se,
afc09d297a96.jpg,afc09d297a96.jpg,6,monochrome_minimal,모노톤 미니멀,monochrome minimalist interior,"monochrome,minimal",,False,ohou.se,
b02be7c42c24.jpg,b02be7c42c24.jpg,6,monochrome_minimal,모노톤 미니멀,monochrome minimalist interior,"monochrome,minimal",,False,ohou.se,
b04c5426b07d.jpg,b04c5426b07d.jpg,1,modern_grey,모던 그레이,modern grey industrial studio,"modern,grey",,False,ohou.se,
b0b4a4c135ee.jpg,b0b4a4c135ee.jpg,4,plant_green,플랜트 그린,plant-filled green interior,"plant,green",,False,ohou.se,
b1031610ae3e.jpg,b1031610ae3e.jpg,6,monochrome_minimal,모노톤 미니멀,monochrome minimalist interior,"monochrome,minimal",,False,ohou.se,
b1374d9b1cd0.jpg,b1374d9b1cd0.jpg,8,vintage_retro,빈티지 레트로,vintage retro small room,"vintage,retro",,False,ohou.se,
b158c13e6927.jpg,b158c13e6927.jpg,4,plant_green,플랜트 그린,plant-filled green interior,"plant,green",,False,ohou.se,
b1ce496e8a21.jpg,b1ce496e8a21.jpg,3,luxury_modern,럭셔리 모던,luxury modern studio apartment,"luxury,modern",,False,ohou.se,
b204e5af3ed9.jpg,b204e5af3ed9.jpg,1,modern_grey,모던 그레이,modern grey industrial studio,"modern,grey",,False,ohou.se,
b21d42c9ceb4.jpg,b21d42c9ceb4.jpg,8,vintage_retro,빈티지 레트로,vintage retro small room,"vintage,retro",,False,ohou.se,
b222da5b042e.jpg,b222da5b042e.jpg,2,minimal_white,미니멀 화이트,minimal white scandinavian room,"minimal,white",,False,ohou.se,
b268b2806a45.jpg,b268b2806a45.jpg,5,warm_cozy,따뜻한 코지 원룸,warm cozy studio apartment interior,"warm,cozy",,False,ohou.se,
b2843674adb0.jpg,b2843674adb0.jpg,6,monochrome_minimal,모노톤 미니멀,monochrome minimalist interior,"monochrome,minimal",,False,ohou.se,
b2892ef7e125.jpg,b2892ef7e125.jpg,0,cute_pastel,파스텔 귀여운,cute pastel room decor,"cute,pastel",,False,ohou.se,
b2a13f1b4fc9.jpeg,b2a13f1b4fc9.jpeg,2,minimal_white,미니멀 화이트,minimal white scandinavian room,"minimal,white",,False,ohou.se,
b2bb1787a60a.jpg,b2bb1787a60a.jpg,3,luxury_modern,럭셔리 모던,luxury modern studio apartment,"luxury,modern",,False,ohou.se,
b2cb1ca7f730.jpg,b2cb1ca7f730.jpg,6,monochrome_minimal,모노톤 미니멀,monochrome minimalist interior,"monochrome,minimal",,False,ohou.se,
b39dd5116d7e.jpg,b39dd5116d7e.jpg,1,modern_grey,모던 그레이,modern grey industrial studio,"modern,grey",,False,ohou.se,
b43939305d6b.jpeg,b43939305d6b.jpeg,0,cute_pastel,파스텔 귀여운,cute pastel room decor,"cute,pastel",,False,ohou.se,
b466bbbaf941.jpg,b466bbbaf941.jpg,8,vintage_retro,빈티지 레트로,vintage retro small room,"vintage,retro",,False,ohou.se,
b492b3fc6004.jpg,b492b3fc6004.jpg,8,vintage_retro,빈티지 레트로,vintage retro small room,"vintage,retro",,False,ohou.se,
b4cd8973bae2.jpg,b4cd8973bae2.jpg,2,minimal_white,미니멀 화이트,minimal white scandinavian room,"minimal,white",,False,ohou.se,
b4d04803e2a4.jpg,b4d04803e2a4.jpg,6,monochrome_minimal,모노톤 미니멀,monochrome minimalist interior,"monochrome,minimal",,False,ohou.se,
b4ed0c612f79.jpg,b4ed0c612f79.jpg,8,vintage_retro,빈티지 레트로,vintage retro small room,"vintage,retro",,False,ohou.se,
b501fd702192.jpeg,b501fd702192.jpeg,3,luxury_modern,럭셔리 모던,luxury modern studio apartment,"luxury,modern",,False,ohou.se,
b57887d7cb19.jpg,b57887d7cb19.jpg,1,modern_grey,모던 그레이,modern grey industrial studio,"modern,grey",,False,ohou.se,
b5a53394dd67.jpg,b5a53394dd67.jpg,6,monochrome_minimal,모노톤 미니멀,monochrome minimalist interior,"monochrome,minimal",,False,ohou.se,
b5ece4e65dbe.jpg,b5ece4e65dbe.jpg,2,minimal_white,미니멀 화이트,minimal white scandinavian room,"minimal,white",,False,ohou.se,
b623a5907b9d.jpeg,b623a5907b9d.jpeg,6,monochrome_minimal,모노톤 미니멀,monochrome minimalist interior,"monochrome,minimal",,False,ohou.se,
b6b957a96fb5.jpg,b6b957a96fb5.jpg,8,vintage_retro,빈티지 레트로,vintage retro small room,"vintage,retro",,False,ohou.se,
b6d08d285a11.jpg,b6d08d285a11.jpg,8,vintage_retro,빈티지 레트로,vintage retro small room,"vintage,retro",,False,ohou.se,
b71d0a1d1534.jpg,b71d0a1d1534.jpg,8,vintage_retro,빈티지 레트로,vintage retro small room,"vintage,retro",,False,ohou.se,
b786f2c90284.jpg,b786f2c90284.jpg,6,monochrome_minimal,모노톤 미니멀,monochrome minimalist interior,"monochrome,minimal",,False,ohou.se,
b7eb7eff30cc.jpg,b7eb7eff30cc.jpg,8,vintage_retro,빈티지 레트로,vintage retro small room,"vintage,retro",,False,ohou.se,
b7fff5110182.jpg,b7fff5110182.jpg,4,plant_green,플랜트 그린,plant-filled green interior,"plant,green",,False,ohou.se,
b8b7d8366c68.jpg,b8b7d8366c68.jpg,6,monochrome_minimal,모노톤 미니멀,monochrome minimalist interior,"monochrome,minimal",,False,ohou.se,
b8efe0602e57.jpg,b8efe0602e57.jpg,6,monochrome_minimal,모노톤 미니멀,monochrome minimalist interior,"monochrome,minimal",,False,ohou.se,
b8f5cba770b8.jpg,b8f5cba770b8.jpg,6,monochrome_minimal,모노톤 미니멀,monochrome minimalist interior,"monochrome,minimal",,False,ohou.se,
b8fca96a5be8.webp,b8fca96a5be8.webp,6,monochrome_minimal,모노톤 미니멀,monochrome minimalist interior,"monochrome,minimal",,False,ohou.se,
b9054a70825d.jpg,b9054a70825d.jpg,8,vintage_retro,빈티지 레트로,vintage retro small room,"vintage,retro",,False,ohou.se,
b9119f016df8.jpg,b9119f016df8.jpg,6,monochrome_minimal,모노톤 미니멀,monochrome minimalist interior,"monochrome,minimal",,False,ohou.se,
b93f5d0605c7.jpg,b93f5d0605c7.jpg,3,luxury_modern,럭셔리 모던,luxury modern studio apartment,"luxury,modern",,False,ohou.se,
b9617597ce6d.jpg,b9617597ce6d.jpg,7,natural_wood,내추럴 우드,natural wood tone small room,"natural,wood",,False,ohou.se,
b97d3aeaea93.webp,b97d3aeaea93.webp,7,natural_wood,내추럴 우드,natural wood tone small room,"natural,wood",,False,ohou.se,
b98b2fdf3259.jpg,b98b2fdf3259.jpg,7,natural_wood,내추럴 우드,natural wood tone small room,"natural,wood",,False,ohou.se,
b9b8d3ef8671.jpg,b9b8d3ef8671.jpg,6,monochrome_minimal,모노톤 미니멀,monochrome minimalist interior,"monochrome,minimal",,False,ohou.se,
b9c878054121.jpg,b9c878054121.jpg,1,modern_grey,모던 그레이,modern grey industrial studio,"modern,grey",,False,ohou.se,
b9d829fd8bed.webp,b9d829fd8bed.webp,1,modern_grey,모던 그레이,modern grey industrial studio,"modern,grey",,False,ohou.se,
b9f8291c00ca.jpg,b9f8291c00ca.jpg,7,natural_wood,내추럴 우드,natural wood tone small room,"natural,wood",,False,ohou.se,
ba1481671fe9.jpg,ba1481671fe9.jpg,3,luxury_modern,럭셔리 모던,luxury modern studio apartment,"luxury,modern",,False,ohou.se,
ba418837fcb7.jpg,ba418837fcb7.jpg,6,monochrome_minimal,모노톤 미니멀,monochrome minimalist interior,"monochrome,minimal",,False,ohou.se,
ba5eb05df628.jpg,ba5eb05df628.jpg,7,natural_wood,내추럴 우드,natural wood tone small room,"natural,wood",,False,ohou.se,
ba7646541a2d.jpg,ba7646541a2d.jpg,6,monochrome_minimal,모노톤 미니멀,monochrome minimalist interior,"monochrome,minimal",,False,ohou.se,
baa8a5c87e29.jpg,baa8a5c87e29.jpg,6,monochrome_minimal,모노톤 미니멀,monochrome minimalist interior,"monochrome,minimal",,False,ohou.se,
bae29e9eeb1c.jpg,bae29e9eeb1c.jpg,3,luxury_modern,럭셔리 모던,luxury modern studio apartment,"luxury,modern",,False,ohou.se,
bb0174d093d3.jpg,bb0174d093d3.jpg,2,minimal_white,미니멀 화이트,minimal white scandinavian room,"minimal,white",,False,ohou.se,
bb25e99b0275.jpg,bb25e99b0275.jpg,1,modern_grey,모던 그레이,modern grey industrial studio,"modern,grey",,False,ohou.se,
bb2c7913051c.jpg,bb2c7913051c.jpg,6,monochrome_minimal,모노톤 미니멀,monochrome minimalist interior,"monochrome,minimal",,False,ohou.se,
bb31a9ef6429.jpg,bb31a9ef6429.jpg,3,luxury_modern,럭셔리 모던,luxury modern studio apartment,"luxury,modern",,False,ohou.se,
bb5a2f006d4c.jpg,bb5a2f006d4c.jpg,1,modern_grey,모던 그레이,modern grey industrial studio,"modern,grey",,False,ohou.se,
bba53611aad2.jpg,bba53611aad2.jpg,8,vintage_retro,빈티지 레트로,vintage retro small room,"vintage,retro",,False,ohou.se,
bc1c90f5ee6f.jpg,bc1c90f5ee6f.jpg,2,minimal_white,미니멀 화이트,minimal white scandinavian room,"minimal,white",,False,ohou.se,
bc25ca56f7ee.jpg,bc25ca56f7ee.jpg,4,plant_green,플랜트 그린,plant-filled green interior,"plant,green",,False,ohou.se,
bc66a70f88ec.jpg,bc66a70f88ec.jpg,1,modern_grey,모던 그레이,modern grey industrial studio,"modern,grey",,False,ohou.se,
bcba09fc3f88.jpg,bcba09fc3f88.jpg,6,monochrome_minimal,모노톤 미니멀,monochrome minimalist interior,"monochrome,minimal",,False,ohou.se,
bcf705f9bf72.jpg,bcf705f9bf72.jpg,8,vintage_retro,빈티지 레트로,vintage retro small room,"vintage,retro",,False,ohou.se,
bd1dc8689ca0.jpg,bd1dc8689ca0.jpg,6,monochrome_minimal,모노톤 미니멀,monochrome minimalist interior,"monochrome,minimal",,False,ohou.se,
bd48c5c2a1bf.jpg,bd48c5c2a1bf.jpg,3,luxury_modern,럭셔리 모던,luxury modern studio apartment,"luxury,modern",,False,ohou.se,
bdad771a9710.jpg,bdad771a9710.jpg,6,monochrome_minimal,모노톤 미니멀,monochrome minimalist interior,"monochrome,minimal",,False,ohou.se,
bdb3e5ad5e17.jpg,bdb3e5ad5e17.jpg,4,plant_green,플랜트 그린,plant-filled green interior,"plant,green",,False,ohou.se,
bdb7567c8fdd.jpg,bdb7567c8fdd.jpg,6,monochrome_minimal,모노톤 미니멀,monochrome minimalist interior,"monochrome,minimal",,False,ohou.se,
bdd56cf86ca8.jpg,bdd56cf86ca8.jpg,8,vintage_retro,빈티지 레트로,vintage retro small room,"vintage,retro",,False,ohou.se,
be12723546b0.jpg,be12723546b0.jpg,1,modern_grey,모던 그레이,modern grey industrial studio,"modern,grey",,False,ohou.se,
be226d48f234.jpg,be226d48f234.jpg,6,monochrome_minimal,모노톤 미니멀,monochrome minimalist interior,"monochrome,minimal",,False,ohou.se,
be236d76d8a2.jpg,be236d76d8a2.jpg,1,modern_grey,모던 그레이,modern grey industrial studio,"modern,grey",,False,ohou.se,
bea6aa2ebb20.jpg,bea6aa2ebb20.jpg,2,minimal_white,미니멀 화이트,minimal white scandinavian room,"minimal,white",,False,ohou.se,
bea75644b146.jpg,bea75644b146.jpg,6,monochrome_minimal,모노톤 미니멀,monochrome minimalist interior,"monochrome,minimal",,False,ohou.se,
bed4440c8819.jpg,bed4440c8819.jpg,1,modern_grey,모던 그레이,modern grey industrial studio,"modern,grey",,False,ohou.se,
bef06ea9848c.jpg,bef06ea9848c.jpg,4,plant_green,플랜트 그린,plant-filled green interior,"plant,green",,False,ohou.se,
bf0e7e33abe8.jpg,bf0e7e33abe8.jpg,3,luxury_modern,럭셔리 모던,luxury modern studio apartment,"luxury,modern",,False,ohou.se,
bfaced7e7ec1.jpg,bfaced7e7ec1.jpg,1,modern_grey,모던 그레이,modern grey industrial studio,"modern,grey",,False,ohou.se,
bfd43ea8de52.jpg,bfd43ea8de52.jpg,1,modern_grey,모던 그레이,modern grey industrial studio,"modern,grey",,False,ohou.se,
c01f3f828211.jpg,c01f3f828211.jpg,6,monochrome_minimal,모노톤 미니멀,monochrome minimalist interior,"monochrome,minimal",,False,ohou.se,
c04d21652dc6.jpg,c04d21652dc6.jpg,3,luxury_modern,럭셔리 모던,luxury modern studio apartment,"luxury,modern",,False,ohou.se,
c0530f4f0f95.jpg,c0530f4f0f95.jpg,5,warm_cozy,따뜻한 코지 원룸,warm cozy studio apartment interior,"warm,cozy",,False,ohou.se,
c07ae2a6e44c.jpg,c07ae2a6e44c.jpg,4,plant_green,플랜트 그린,plant-filled green interior,"plant,green",,False,ohou.se,
c07efe1ea072.jpg,c07efe1ea072.jpg,3,luxury_modern,럭셔리 모던,luxury modern studio apartment,"luxury,modern",,False,ohou.se,
c082d1e48c33.jpg,c082d1e48c33.jpg,2,minimal_white,미니멀 화이트,minimal white scandinavian room,"minimal,white",,False,ohou.se,
c1120e1ce320.jpg,c1120e1ce320.jpg,6,monochrome_minimal,모노톤 미니멀,monochrome minimalist interior,"monochrome,minimal",,False,ohou.se,
c15dcd820895.jpg,c15dcd820895.jpg,4,plant_green,플랜트 그린,plant-filled green interior,"plant,green",,False,ohou.se,
c19564faf9eb.jpg,c19564faf9eb.jpg,1,modern_grey,모던 그레이,modern grey industrial studio,"modern,grey",,False,ohou.se,
c1b70b50087e.jpg,c1b70b50087e.jpg,2,minimal_white,미니멀 화이트,minimal white scandinavian room,"minimal,white",,False,ohou.se,
c1ba35d60306.jpg,c1ba35d60306.jpg,1,modern_grey,모던 그레이,modern grey industrial studio,"modern,grey",,False,ohou.se,
c1f4f45e8a3e.jpg,c1f4f45e8a3e.jpg,3,luxury_modern,럭셔리 모던,luxury modern studio apartment,"luxury,modern",,False,ohou.se,
c23e47c10fb7.jpg,c23e47c10fb7.jpg,3,luxury_modern,럭셔리 모던,luxury modern studio apartment,"luxury,modern",,False,ohou.se,
c269510a043b.jpg,c269510a043b.jpg,8,vintage_retro,빈티지 레트로,vintage retro small room,"vintage,retro",,False,ohou.se,
c2a6958320d1.jpg,c2a6958320d1.jpg,6,monochrome_minimal,모노톤 미니멀,monochrome minimalist interior,"monochrome,minimal",,False,ohou.se,
c2ada1a70374.jpg,c2ada1a70374.jpg,0,cute_pastel,파스텔 귀여운,cute pastel room decor,"cute,pastel",,False,ohou.se,
c2af097b9382.jpg,c2af097b9382.jpg,1,modern_grey,모던 그레이,modern grey industrial studio,"modern,grey",,False,ohou.se,
c2c46dac038d.jpg,c2c46dac038d.jpg,6,monochrome_minimal,모노톤 미니멀,monochrome minimalist interior,"monochrome,minimal",,False,ohou.se,
c2cd7da2cf3d.jpeg,c2cd7da2cf3d.jpeg,2,minimal_white,미니멀 화이트,minimal white scandinavian room,"minimal,white",,False,ohou.se,
c2cfa7748736.jpg,c2cfa7748736.jpg,0,cute_pastel,파스텔 귀여운,cute pastel room decor,"cute,pastel",,False,ohou.se,
c31f2c776c72.jpeg,c31f2c776c72.jpeg,6,monochrome_minimal,모노톤 미니멀,monochrome minimalist interior,"monochrome,minimal",,False,ohou.se,
c32d428e3927.jpeg,c32d428e3927.jpeg,0,cute_pastel,파스텔 귀여운,cute pastel room decor,"cute,pastel",,False,ohou.se,
c388ecb3d518.jpg,c388ecb3d518.jpg,6,monochrome_minimal,모노톤 미니멀,monochrome minimalist interior,"monochrome,minimal",,False,ohou.se,
c3b407bcf406.jpg,c3b407bcf406.jpg,8,vintage_retro,빈티지 레트로,vintage retro small room,"vintage,retro",,False,ohou.se,
c3b982b4035f.jpg,c3b982b4035f.jpg,8,vintage_retro,빈티지 레트로,vintage retro small room,"vintage,retro",,False,ohou.se,
c4f66d1962ec.png,c4f66d1962ec.png,1,modern_grey,모던 그레이,modern grey industrial studio,"modern,grey",,False,ohou.se,
c57022a8da36.jpg,c57022a8da36.jpg,3,luxury_modern,럭셔리 모던,luxury modern studio apartment,"luxury,modern",,False,ohou.se,
c5febe8e64d8.jpg,c5febe8e64d8.jpg,2,minimal_white,미니멀 화이트,minimal white scandinavian room,"minimal,white",,False,ohou.se,
c62233fe4b24.jpg,c62233fe4b24.jpg,3,luxury_modern,럭셔리 모던,luxury modern studio apartment,"luxury,modern",,False,ohou.se,
c6723672a982.jpeg,c6723672a982.jpeg,6,monochrome_minimal,모노톤 미니멀,monochrome minimalist interior,"monochrome,minimal",,False,ohou.se,
c67497ebe842.jpg,c67497ebe842.jpg,1,modern_grey,모던 그레이,modern grey industrial studio,"modern,grey",,False,ohou.se,
c676deae7f87.jpg,c676deae7f87.jpg,4,plant_green,플랜트 그린,plant-filled green interior,"plant,green",,False,ohou.se,
c6899c977a80.jpg,c6899c977a80.jpg,6,monochrome_minimal,모노톤 미니멀,monochrome minimalist interior,"monochrome,minimal",,False,ohou.se,
c69c1968cea4.jpg,c69c1968cea4.jpg,8,vintage_retro,빈티지 레트로,vintage retro small room,"vintage,retro",,False,ohou.se,
c6a03b0b8843.jpg,c6a03b0b8843.jpg,1,modern_grey,모던 그레이,modern grey industrial studio,"modern,grey",,False,ohou.se,
c6bd30254e1e.jpg,c6bd30254e1e.jpg,7,natural_wood,내추럴 우드,natural wood tone small room,"natural,wood",,False,ohou.se,
c6cdb54c0238.jpeg,c6cdb54c0238.jpeg,2,minimal_white,미니멀 화이트,minimal white scandinavian room,"minimal,white",,False,ohou.se,
c701b1507455.jpg,c701b1507455.jpg,8,vintage_retro,빈티지 레트로,vintage retro small room,"vintage,retro",,False,ohou.se,
c7263d1b43ec.jpg,c7263d1b43ec.jpg,3,luxury_modern,럭셔리 모던,luxury modern studio apartment,"luxury,modern",,False,ohou.se,
c7964945c139.jpeg,c7964945c139.jpeg,2,minimal_white,미니멀 화이트,minimal white scandinavian room,"minimal,white",,False,ohou.se,
c7e0407b4595.jpg,c7e0407b4595.jpg,7,natural_wood,내추럴 우드,natural wood tone small room,"natural,wood",,False,ohou.se,
c7f8c6c07339.jpg,c7f8c6c07339.jpg,8,vintage_retro,빈티지 레트로,vintage retro small room,"vintage,retro",,False,ohou.se,
c8471e3f7fa7.webp,c8471e3f7fa7.webp,2,minimal_white,미니멀 화이트,minimal white scandinavian room,"minimal,white",,False,ohou.se,
c8a5bfe0cd9e.jpg,c8a5bfe0cd9e.jpg,2,minimal_white,미니멀 화이트,minimal white scandinavian room,"minimal,white",,False,ohou.se,
c8fd98c7c60d.jpg,c8fd98c7c60d.jpg,8,vintage_retro,빈티지 레트로,vintage retro small room,"vintage,retro",,False,ohou.se,
c905df5f99de.jpg,c905df5f99de.jpg,1,modern_grey,모던 그레이,modern grey industrial studio,"modern,grey",,False,ohou.se,
c92425ce6b8c.jpg,c92425ce6b8c.jpg,8,vintage_retro,빈티지 레트로,vintage retro small room,"vintage,retro",,False,ohou.se,
c9539f5199fd.jpeg,c9539f5199fd.jpeg,1,modern_grey,모던 그레이,modern grey industrial studio,"modern,grey",,False,ohou.se,
c9d34a6c8c9a.jpg,c9d34a6c8c9a.jpg,2,minimal_white,미니멀 화이트,minimal white scandinavian room,"minimal,white",,False,ohou.se,
c9e9cccdc588.jpg,c9e9cccdc588.jpg,3,luxury_modern,럭셔리 모던,luxury modern studio apartment,"luxury,modern",,False,ohou.se,
c9ebbebb366e.jpg,c9ebbebb366e.jpg,8,vintage_retro,빈티지 레트로,vintage retro small room,"vintage,retro",,False,ohou.se,
ca4764be13be.jpg,ca4764be13be.jpg,8,vintage_retro,빈티지 레트로,vintage retro small room,"vintage,retro",,False,ohou.se,
ca56fe77719d.jpg,ca56fe77719d.jpg,1,modern_grey,모던 그레이,modern grey industrial studio,"modern,grey",,False,ohou.se,
ca8134f11585.jpg,ca8134f11585.jpg,5,warm_cozy,따뜻한 코지 원룸,warm cozy studio apartment interior,"warm,cozy",,False,ohou.se,
cab14742db6f.jpg,cab14742db6f.jpg,0,cute_pastel,파스텔 귀여운,cute pastel room decor,"cute,pastel",,False,ohou.se,
caeebfaefd25.jpg,caeebfaefd25.jpg,6,monochrome_minimal,모노톤 미니멀,monochrome minimalist interior,"monochrome,minimal",,False,ohou.se,
cb235f48c845.jpg,cb235f48c845.jpg,4,plant_green,플랜트 그린,plant-filled green interior,"plant,green",,False,ohou.se,
cb282eb93d14.jpg,cb282eb93d14.jpg,8,vintage_retro,빈티지 레트로,vintage retro small room,"vintage,retro",,False,ohou.se,
cb2f61969cb8.jpg,cb2f61969cb8.jpg,7,natural_wood,내추럴 우드,natural wood tone small room,"natural,wood",,True,ohou.se,
cbb90a1e4b20.webp,cbb90a1e4b20.webp,0,cute_pastel,파스텔 귀여운,cute pastel room decor,"cute,pastel",,False,ohou.se,
cbf485b92eac.jpg,cbf485b92eac.jpg,7,natural_wood,내추럴 우드,natural wood tone small room,"natural,wood",,False,ohou.se,
cc424c23f415.jpg,cc424c23f415.jpg,1,modern_grey,모던 그레이,modern grey industrial studio,"modern,grey",,False,ohou.se,
cc8ed4859ab5.jpg,cc8ed4859ab5.jpg,3,luxury_modern,럭셔리 모던,luxury modern studio apartment,"luxury,modern",,False,ohou.se,
cc9c33679a77.jpg,cc9c33679a77.jpg,3,luxury_modern,럭셔리 모던,luxury modern studio apartment,"luxury,modern",,False,ohou.se,
ccaa42ebe1c0.jpg,ccaa42ebe1c0.jpg,8,vintage_retro,빈티지 레트로,vintage retro small room,"vintage,retro",,False,ohou.se,
cce9f1e64c99.jpg,cce9f1e64c99.jpg,0,cute_pastel,파스텔 귀여운,cute pastel room decor,"cute,pastel",,False,ohou.se,
cd51076d699d.jpg,cd51076d699d.jpg,4,plant_green,플랜트 그린,plant-filled green interior,"plant,green",,False,ohou.se,
cd700968e214.jpg,cd700968e214.jpg,8,vintage_retro,빈티지 레트로,vintage retro small room,"vintage,retro",,False,ohou.se,
cd8ff027c02f.JPG,cd8ff027c02f.JPG,2,minimal_white,미니멀 화이트,minimal white scandinavian room,"minimal,white",,False,ohou.se,
cdadeaeda95a.jpeg,cdadeaeda95a.jpeg,3,luxury_modern,럭셔리 모던,luxury modern studio apartment,"luxury,modern",,False,ohou.se,
cdc928479767.jpg,cdc928479767.jpg,3,luxury_modern,럭셔리 모던,luxury modern studio apartment,"luxury,modern",,False,ohou.se,
cdcd583b7801.jpeg,cdcd583b7801.jpeg,2,minimal_white,미니멀 화이트,minimal white scandinavian room,"minimal,white",,False,ohou.se,
ce04df6d60ec.jpg,ce04df6d60ec.jpg,0,cute_pastel,파스텔 귀여운,cute pastel room decor,"cute,pastel",,False,ohou.se,
ce611bf0f144.jpeg,ce611bf0f144.jpeg,3,luxury_modern,럭셔리 모던,luxury modern studio apartment,"luxury,modern",,False,ohou.se,
cea0e2bc0380.jpg,cea0e2bc0380.jpg,3,luxury_modern,럭셔리 모던,luxury modern studio apartment,"luxury,modern",,False,ohou.se,
ceb12a21b8b9.jpg,ceb12a21b8b9.jpg,2,minimal_white,미니멀 화이트,minimal white scandinavian room,"minimal,white",,False,ohou.se,
cee5b1e0408a.jpg,cee5b1e0408a.jpg,3,luxury_modern,럭셔리 모던,luxury modern studio apartment,"luxury,modern",,False,ohou.se,
cef081ef5004.jpg,cef081ef5004.jpg,6,monochrome_minimal,모노톤 미니멀,monochrome minimalist interior,"monochrome,minimal",,False,ohou.se,
cf0d1f9d6a4b.jpg,cf0d1f9d6a4b.jpg,2,minimal_white,미니멀 화이트,minimal white scandinavian room,"minimal,white",,False,ohou.se,
cfd27810f908.jpg,cfd27810f908.jpg,0,cute_pastel,파스텔 귀여운,cute pastel room decor,"cute,pastel",,False,ohou.se,
cfe62190fb3c.jpg,cfe62190fb3c.jpg,1,modern_grey,모던 그레이,modern grey industrial studio,"modern,grey",,False,ohou.se,
d00560331f0f.jpg,d00560331f0f.jpg,6,monochrome_minimal,모노톤 미니멀,monochrome minimalist interior,"monochrome,minimal",,False,ohou.se,
d02328b613d9.JPG,d02328b613d9.JPG,1,modern_grey,모던 그레이,modern grey industrial studio,"modern,grey",,False,ohou.se,
d051b69c0971.jpg,d051b69c0971.jpg,6,monochrome_minimal,모노톤 미니멀,monochrome minimalist interior,"monochrome,minimal",,False,ohou.se,
d06e16d8c65f.jpg,d06e16d8c65f.jpg,8,vintage_retro,빈티지 레트로,vintage retro small room,"vintage,retro",,False,ohou.se,
d0721b1d5187.jpeg,d0721b1d5187.jpeg,2,minimal_white,미니멀 화이트,minimal white scandinavian room,"minimal,white",,False,ohou.se,
d0b3d27dc29a.jpg,d0b3d27dc29a.jpg,1,modern_grey,모던 그레이,modern grey industrial studio,"modern,grey",,False,ohou.se,
d10acb7d36a8.jpg,d10acb7d36a8.jpg,4,plant_green,플랜트 그린,plant-filled green interior,"plant,green",,False,ohou.se,
d126a1afc4be.jpg,d126a1afc4be.jpg,4,plant_green,플랜트 그린,plant-filled green interior,"plant,green",,False,ohou.se,
d19bf73352a1.jpg,d19bf73352a1.jpg,2,minimal_white,미니멀 화이트,minimal white scandinavian room,"minimal,white",,False,ohou.se,
d1a2078a465d.jpg,d1a2078a465d.jpg,6,monochrome_minimal,모노톤 미니멀,monochrome minimalist interior,"monochrome,minimal",,False,ohou.se,
d1a3102e6736.jpg,d1a3102e6736.jpg,2,minimal_white,미니멀 화이트,minimal white scandinavian room,"minimal,white",,False,ohou.se,
d1bda5266c6a.jpg,d1bda5266c6a.jpg,4,plant_green,플랜트 그린,plant-filled green interior,"plant,green",,False,ohou.se,
d1cb6da7cade.jpg,d1cb6da7cade.jpg,4,plant_green,플랜트 그린,plant-filled green interior,"plant,green",,False,ohou.se,
d1d49cff82eb.jpg,d1d49cff82eb.jpg,3,luxury_modern,럭셔리 모던,luxury modern studio apartment,"luxury,modern",,False,ohou.se,
d1eb4e6780eb.jpg,d1eb4e6780eb.jpg,1,modern_grey,모던 그레이,modern grey industrial studio,"modern,grey",,False,ohou.se,
d2062bebd669.jpg,d2062bebd669.jpg,5,warm_cozy,따뜻한 코지 원룸,warm cozy studio apartment interior,"warm,cozy",,False,ohou.se,
d21851a31141.jpg,d21851a31141.jpg,0,cute_pastel,파스텔 귀여운,cute pastel room decor,"cute,pastel",,False,ohou.se,
d235ee7dfc7c.jpg,d235ee7dfc7c.jpg,6,monochrome_minimal,모노톤 미니멀,monochrome minimalist interior,"monochrome,minimal",,False,ohou.se,
d24941b97a7e.jpg,d24941b97a7e.jpg,6,monochrome_minimal,모노톤 미니멀,monochrome minimalist interior,"monochrome,minimal",,False,ohou.se,
d2ac7f996d8e.jpg,d2ac7f996d8e.jpg,8,vintage_retro,빈티지 레트로,vintage retro small room,"vintage,retro",,False,ohou.se,
d2b7bff957b0.jpg,d2b7bff957b0.jpg,0,cute_pastel,파스텔 귀여운,cute pastel room decor,"cute,pastel",,False,ohou.se,
d31935398622.jpg,d31935398622.jpg,6,monochrome_minimal,모노톤 미니멀,monochrome minimalist interior,"monochrome,minimal",,False,ohou.se,
d34e19dbc5ba.jpg,d34e19dbc5ba.jpg,2,minimal_white,미니멀 화이트,minimal white scandinavian room,"minimal,white",,False,ohou.se,
d3736c271b7e.jpg,d3736c271b7e.jpg,7,natural_wood,내추럴 우드,natural wood tone small room,"natural,wood",,False,ohou.se,
d384e2cef21d.jpg,d384e2cef21d.jpg,2,minimal_white,미니멀 화이트,minimal white scandinavian room,"minimal,white",,False,ohou.se,
d3c1de3cc6e1.jpg,d3c1de3cc6e1.jpg,2,minimal_white,미니멀 화이트,minimal white scandinavian room,"minimal,white",,False,ohou.se,
d3e7c033b3fb.jpeg,d3e7c033b3fb.jpeg,3,luxury_modern,럭셔리 모던,luxury modern studio apartment,"luxury,modern",,False,ohou.se,
d477501b710d.jpg,d477501b710d.jpg,1,modern_grey,모던 그레이,modern grey industrial studio,"modern,grey",,False,ohou.se,
d49b6b8be7fb.webp,d49b6b8be7fb.webp,4,plant_green,플랜트 그린,plant-filled green interior,"plant,green",,False,ohou.se,
d56a4039baa3.jpg,d56a4039baa3.jpg,4,plant_green,플랜트 그린,plant-filled green interior,"plant,green",,False,ohou.se,
d577989eb5ff.jpg,d577989eb5ff.jpg,8,vintage_retro,빈티지 레트로,vintage retro small room,"vintage,retro",,False,ohou.se,
d5dc8c3b434e.jpg,d5dc8c3b434e.jpg,8,vintage_retro,빈티지 레트로,vintage retro small room,"vintage,retro",,False,ohou.se,
d613101cd36c.jpg,d613101cd36c.jpg,1,modern_grey,모던 그레이,modern grey industrial studio,"modern,grey",,False,ohou.se,
d62163a5e7c3.jpg,d62163a5e7c3.jpg,6,monochrome_minimal,모노톤 미니멀,monochrome minimalist interior,"monochrome,minimal",,False,ohou.se,
d6334428b3d0.jpg,d6334428b3d0.jpg,8,vintage_retro,빈티지 레트로,vintage retro small room,"vintage,retro",,False,ohou.se,
d669b23cf0b1.jpg,d669b23cf0b1.jpg,8,vintage_retro,빈티지 레트로,vintage retro small room,"vintage,retro",,False,ohou.se,
d677ce64d024.jpg,d677ce64d024.jpg,1,modern_grey,모던 그레이,modern grey industrial studio,"modern,grey",,False,ohou.se,
d6794a6ca1ab.jpg,d6794a6ca1ab.jpg,3,luxury_modern,럭셔리 모던,luxury modern studio apartment,"luxury,modern",,False,ohou.se,
d700f817b2ae.jpg,d700f817b2ae.jpg,2,minimal_white,미니멀 화이트,minimal white scandinavian room,"minimal,white",,False,ohou.se,
d743e553caf7.jpg,d743e553caf7.jpg,6,monochrome_minimal,모노톤 미니멀,monochrome minimalist interior,"monochrome,minimal",,False,ohou.se,
d773f2f858f7.jpg,d773f2f858f7.jpg,4,plant_green,플랜트 그린,plant-filled green interior,"plant,green",,True,ohou.se,
d7e1b72ad027.jpg,d7e1b72ad027.jpg,6,monochrome_minimal,모노톤 미니멀,monochrome minimalist interior,"monochrome,minimal",,False,ohou.se,
d7f912325c86.jpg,d7f912325c86.jpg,8,vintage_retro,빈티지 레트로,vintage retro small room,"vintage,retro",,False,ohou.se,
d7fc49a7a02b.jpg,d7fc49a7a02b.jpg,3,luxury_modern,럭셔리 모던,luxury modern studio apartment,"luxury,modern",,False,ohou.se,
d82644d0f39b.jpg,d82644d0f39b.jpg,4,plant_green,플랜트 그린,plant-filled green interior,"plant,green",,False,ohou.se,
d879692b2f63.jpg,d879692b2f63.jpg,8,vintage_retro,빈티지 레트로,vintage retro small room,"vintage,retro",,False,ohou.se,
d8a23d42995e.jpg,d8a23d42995e.jpg,8,vintage_retro,빈티지 레트로,vintage retro small room,"vintage,retro",,False,ohou.se,
d8b808e13e3f.jpg,d8b808e13e3f.jpg,8,vintage_retro,빈티지 레트로,vintage retro small room,"vintage,retro",,False,ohou.se,
d8cc31027eff.jpg,d8cc31027eff.jpg,8,vintage_retro,빈티지 레트로,vintage retro small room,"vintage,retro",,False,ohou.se,
d8decb66e68e.JPG,d8decb66e68e.JPG,3,luxury_modern,럭셔리 모던,luxury modern studio apartment,"luxury,modern",,False,ohou.se,
d90f3b37ac5b.jpg,d90f3b37ac5b.jpg,6,monochrome_minimal,모노톤 미니멀,monochrome minimalist interior,"monochrome,minimal",,False,ohou.se,
d91c90949b1a.jpg,d91c90949b1a.jpg,6,monochrome_minimal,모노톤 미니멀,monochrome minimalist interior,"monochrome,minimal",,False,ohou.se,
d976251682d4.jpg,d976251682d4.jpg,8,vintage_retro,빈티지 레트로,vintage retro small room,"vintage,retro",,False,ohou.se,
d9ab9e47094c.jpg,d9ab9e47094c.jpg,3,luxury_modern,럭셔리 모던,luxury modern studio apartment,"luxury,modern",,False,ohou.se,
d9e631ff0f2f.jpg,d9e631ff0f2f.jpg,3,luxury_modern,럭셔리 모던,luxury modern studio apartment,"luxury,modern",,False,ohou.se,
d9f77ea5df27.jpg,d9f77ea5df27.jpg,3,luxury_modern,럭셔리 모던,luxury modern studio apartment,"luxury,modern",,False,ohou.se,
da6d4e63c6ad.jpg,da6d4e63c6ad.jpg,2,minimal_white,미니멀 화이트,minimal white scandinavian room,"minimal,white",,False,ohou.se,
da80d4de3845.jpg,da80d4de3845.jpg,6,monochrome_minimal,모노톤 미니멀,monochrome minimalist interior,"monochrome,minimal",,False,ohou.se,
da9249606f88.jpg,da9249606f88.jpg,0,cute_pastel,파스텔 귀여운,cute pastel room decor,"cute,pastel",,False,ohou.se,
daa3a5a1a001.jpg,daa3a5a1a001.jpg,2,minimal_white,미니멀 화이트,minimal white scandinavian room,"minimal,white",,False,ohou.se,
dab0ff14a0be.jpg,dab0ff14a0be.jpg,8,vintage_retro,빈티지 레트로,vintage retro small room,"vintage,retro",,False,ohou.se,
dad6d59aedff.jpg,dad6d59aedff.jpg,6,monochrome_minimal,모노톤 미니멀,monochrome minimalist interior,"monochrome,minimal",,False,ohou.se,
daf815724573.jpg,daf815724573.jpg,1,modern_grey,모던 그레이,modern grey industrial studio,"modern,grey",,False,ohou.se,
db442f16a190.jpeg,db442f16a190.jpeg,1,modern_grey,모던 그레이,modern grey industrial studio,"modern,grey",,False,ohou.se,
db5e9a313b3d.jpg,db5e9a313b3d.jpg,0,cute_pastel,파스텔 귀여운,cute pastel room decor,"cute,pastel",,False,ohou.se,
dbc0f731fab3.jpg,dbc0f731fab3.jpg,6,monochrome_minimal,모노톤 미니멀,monochrome minimalist interior,"monochrome,minimal",,False,ohou.se,
dbcd61f20338.jpg,dbcd61f20338.jpg,2,minimal_white,미니멀 화이트,minimal white scandinavian room,"minimal,white",,False,ohou.se,
dc2351b23ef3.jpg,dc2351b23ef3.jpg,2,minimal_white,미니멀 화이트,minimal white scandinavian room,"minimal,white",,False,ohou.se,
dc322152f82f.jpg,dc322152f82f.jpg,6,monochrome_minimal,모노톤 미니멀,monochrome minimalist interior,"monochrome,minimal",,False,ohou.se,
dc504a5234bc.jpg,dc504a5234bc.jpg,8,vintage_retro,빈티지 레트로,vintage retro small room,"vintage,retro",,False,ohou.se,
dca697e03af0.jpg,dca697e03af0.jpg,1,modern_grey,모던 그레이,modern grey industrial studio,"modern,grey",,False,ohou.se,
dce4bfe18dad.jpg,dce4bfe18dad.jpg,6,monochrome_minimal,모노톤 미니멀,monochrome minimalist interior,"monochrome,minimal",,False,ohou.se,
dd495a13e684.jpg,dd495a13e684.jpg,3,luxury_modern,럭셔리 모던,luxury modern studio apartment,"luxury,modern",,False,ohou.se,
dd613f7eea24.png,dd613f7eea24.png,3,luxury_modern,럭셔리 모던,luxury modern studio apartment,"luxury,modern",,False,ohou.se,
dd9ec134c17b.jpg,dd9ec134c17b.jpg,6,monochrome_minimal,모노톤 미니멀,monochrome minimalist interior,"monochrome,minimal",,False,ohou.se,
de77b7ec03f4.jpg,de77b7ec03f4.jpg,6,monochrome_minimal,모노톤 미니멀,monochrome minimalist interior,"monochrome,minimal",,False,ohou.se,
df5712b01d58.jpg,df5712b01d58.jpg,0,cute_pastel,파스텔 귀여운,cute pastel room decor,"cute,pastel",,False,ohou.se,
df77ea80f6f0.jpg,df77ea80f6f0.jpg,2,minimal_white,미니멀 화이트,minimal white scandinavian room,"minimal,white",,False,ohou.se,
df7a40fb3ec3.jpeg,df7a40fb3ec3.jpeg,1,modern_grey,모던 그레이,modern grey industrial studio,"modern,grey",,False,ohou.se,
df8b7b297e87.jpg,df8b7b297e87.jpg,1,modern_grey,모던 그레이,modern grey industrial studio,"modern,grey",,False,ohou.se,
df8bca977799.jpg,df8bca977799.jpg,2,minimal_white,미니멀 화이트,minimal white scandinavian room,"minimal,white",,False,ohou.se,
dfce7ca4812d.jpg,dfce7ca4812d.jpg,8,vintage_retro,빈티지 레트로,vintage retro small room,"vintage,retro",,False,ohou.se,
dfdfe454e74a.jpg,dfdfe454e74a.jpg,8,vintage_retro,빈티지 레트로,vintage retro small room,"vintage,retro",,False,ohou.se,
e028889ac7cf.jpeg,e028889ac7cf.jpeg,1,modern_grey,모던 그레이,modern grey industrial studio,"modern,grey",,False,ohou.se,
e0694d9a294f.jpg,e0694d9a294f.jpg,1,modern_grey,모던 그레이,modern grey industrial studio,"modern,grey",,False,ohou.se,
e078966b57c2.webp,e078966b57c2.webp,1,modern_grey,모던 그레이,modern grey industrial studio,"modern,grey",,False,ohou.se,
e0ca42adbf73.webp,e0ca42adbf73.webp,6,monochrome_minimal,모노톤 미니멀,monochrome minimalist interior,"monochrome,minimal",,False,ohou.se,
e0d4fe7fdf97.jpg,e0d4fe7fdf97.jpg,2,minimal_white,미니멀 화이트,minimal white scandinavian room,"minimal,white",,False,ohou.se,
e18cc9603434.jpg,e18cc9603434.jpg,3,luxury_modern,럭셔리 모던,luxury modern studio apartment,"luxury,modern",,False,ohou.se,
e1dbcb617472.jpg,e1dbcb617472.jpg,1,modern_grey,모던 그레이,modern grey industrial studio,"modern,grey",,False,ohou.se,
e1ecf28070c9.jpg,e1ecf28070c9.jpg,6,monochrome_minimal,모노톤 미니멀,monochrome minimalist interior,"monochrome,minimal",,False,ohou.se,
e20c5fe8ad13.jpg,e20c5fe8ad13.jpg,2,minimal_white,미니멀 화이트,minimal white scandinavian room,"minimal,white",,False,ohou.se,
e20eefa02187.jpg,e20eefa02187.jpg,0,cute_pastel,파스텔 귀여운,cute pastel room decor,"cute,pastel",,False,ohou.se,
e26be5913956.jpg,e26be5913956.jpg,2,minimal_white,미니멀 화이트,minimal white scandinavian room,"minimal,white",,False,ohou.se,
e27538584fe3.jpg,e27538584fe3.jpg,6,monochrome_minimal,모노톤 미니멀,monochrome minimalist interior,"monochrome,minimal",,False,ohou.se,
e289ba49c306.jpg,e289ba49c306.jpg,3,luxury_modern,럭셔리 모던,luxury modern studio apartment,"luxury,modern",,False,ohou.se,
e29d2fb43f57.jpg,e29d2fb43f57.jpg,2,minimal_white,미니멀 화이트,minimal white scandinavian room,"minimal,white",,False,ohou.se,
e2b1f0f914f0.jpg,e2b1f0f914f0.jpg,1,modern_grey,모던 그레이,modern grey industrial studio,"modern,grey",,False,ohou.se,
e33a4908c24d.jpg,e33a4908c24d.jpg,1,modern_grey,모던 그레이,modern grey industrial studio,"modern,grey",,False,ohou.se,
e341fe0f97c0.jpg,e341fe0f97c0.jpg,3,luxury_modern,럭셔리 모던,luxury modern studio apartment,"luxury,modern",,False,ohou.se,
e43efb0428f9.jpg,e43efb0428f9.jpg,2,minimal_white,미니멀 화이트,minimal white scandinavian room,"minimal,white",,False,ohou.se,
e47648ea2f7f.jpg,e47648ea2f7f.jpg,0,cute_pastel,파스텔 귀여운,cute pastel room decor,"cute,pastel",,False,ohou.se,
e4d4744ad08e.jpg,e4d4744ad08e.jpg,6,monochrome_minimal,모노톤 미니멀,monochrome minimalist interior,"monochrome,minimal",,False,ohou.se,
e5abe1cc7afb.jpeg,e5abe1cc7afb.jpeg,3,luxury_modern,럭셔리 모던,luxury modern studio apartment,"luxury,modern",,False,ohou.se,
e5d0dda77f00.webp,e5d0dda77f00.webp,0,cute_pastel,파스텔 귀여운,cute pastel room decor,"cute,pastel",,False,ohou.se,
e5dd75dd6d69.jpg,e5dd75dd6d69.jpg,1,modern_grey,모던 그레이,modern grey industrial studio,"modern,grey",,False,ohou.se,
e6222a910b84.jpg,e6222a910b84.jpg,4,plant_green,플랜트 그린,plant-filled green interior,"plant,green",,True,ohou.se,
e6dae33a2559.jpg,e6dae33a2559.jpg,8,vintage_retro,빈티지 레트로,vintage retro small room,"vintage,retro",,False,ohou.se,
e77a08f40b7c.jpg,e77a08f40b7c.jpg,2,minimal_white,미니멀 화이트,minimal white scandinavian room,"minimal,white",,False,ohou.se,
e7af41888375.jpeg,e7af41888375.jpeg,2,minimal_white,미니멀 화이트,minimal white scandinavian room,"minimal,white",,False,ohou.se,
e7de82995de2.jpg,e7de82995de2.jpg,1,modern_grey,모던 그레이,modern grey industrial studio,"modern,grey",,False,ohou.se,
e84326a39741.jpg,e84326a39741.jpg,1,modern_grey,모던 그레이,modern grey industrial studio,"modern,grey",,False,ohou.se,
e880f1086b94.jpg,e880f1086b94.jpg,7,natural_wood,내추럴 우드,natural wood tone small room,"natural,wood",,False,ohou.se,
e899ab873dae.jpg,e899ab873dae.jpg,1,modern_grey,모던 그레이,modern grey industrial studio,"modern,grey",,False,ohou.se,
e94e004f09e8.jpg,e94e004f09e8.jpg,6,monochrome_minimal,모노톤 미니멀,monochrome minimalist interior,"monochrome,minimal",,False,ohou.se,
e9a249542285.jpg,e9a249542285.jpg,8,vintage_retro,빈티지 레트로,vintage retro small room,"vintage,retro",,False,ohou.se,
e9aa4b20dbfb.jpg,e9aa4b20dbfb.jpg,3,luxury_modern,럭셔리 모던,luxury modern studio apartment,"luxury,modern",,False,ohou.se,
e9d19ae9ce6c.jpg,e9d19ae9ce6c.jpg,2,minimal_white,미니멀 화이트,minimal white scandinavian room,"minimal,white",,False,ohou.se,
eae3c5911d2b.jpg,eae3c5911d2b.jpg,3,luxury_modern,럭셔리 모던,luxury modern studio apartment,"luxury,modern",,False,ohou.se,
eb189ec70c58.jpg,eb189ec70c58.jpg,2,minimal_white,미니멀 화이트,minimal white scandinavian room,"minimal,white",,False,ohou.se,
eb35ea32863a.jpeg,eb35ea32863a.jpeg,8,vintage_retro,빈티지 레트로,vintage retro small room,"vintage,retro",,False,ohou.se,
eb9ef30cbd3f.jpg,eb9ef30cbd3f.jpg,8,vintage_retro,빈티지 레트로,vintage retro small room,"vintage,retro",,False,ohou.se,
ebffefb53b44.jpg,ebffefb53b44.jpg,4,plant_green,플랜트 그린,plant-filled green interior,"plant,green",,False,ohou.se,
ec11ce0eb330.jpeg,ec11ce0eb330.jpeg,1,modern_grey,모던 그레이,modern grey industrial studio,"modern,grey",,False,ohou.se,
ec8caf600a4a.jpg,ec8caf600a4a.jpg,3,luxury_modern,럭셔리 모던,luxury modern studio apartment,"luxury,modern",,False,ohou.se,
eccc5f49a395.jpg,eccc5f49a395.jpg,6,monochrome_minimal,모노톤 미니멀,monochrome minimalist interior,"monochrome,minimal",,False,ohou.se,
ecf394acd151.jpg,ecf394acd151.jpg,5,warm_cozy,따뜻한 코지 원룸,warm cozy studio apartment interior,"warm,cozy",,False,ohou.se,
ed0b368ae816.jpg,ed0b368ae816.jpg,1,modern_grey,모던 그레이,modern grey industrial studio,"modern,grey",,False,ohou.se,
ed1c1ef1400a.jpg,ed1c1ef1400a.jpg,2,minimal_white,미니멀 화이트,minimal white scandinavian room,"minimal,white",,False,ohou.se,
ed55956e67f8.jpg,ed55956e67f8.jpg,2,minimal_white,미니멀 화이트,minimal white scandinavian room,"minimal,white",,False,ohou.se,
edd7fc25149b.jpg,edd7fc25149b.jpg,2,minimal_white,미니멀 화이트,minimal white scandinavian room,"minimal,white",,False,ohou.se,
ee462aacf85b.jpg,ee462aacf85b.jpg,1,modern_grey,모던 그레이,modern grey industrial studio,"modern,grey",,False,ohou.se,
ee9b524ce573.jpeg,ee9b524ce573.jpeg,3,luxury_modern,럭셔리 모던,luxury modern studio apartment,"luxury,modern",,False,ohou.se,
eee62ac8f92a.jpg,eee62ac8f92a.jpg,6,monochrome_minimal,모노톤 미니멀,monochrome minimalist interior,"monochrome,minimal",,False,ohou.se,
eef67224ee5f.jpg,eef67224ee5f.jpg,1,modern_grey,모던 그레이,modern grey industrial studio,"modern,grey",,False,ohou.se,
ef3404867f6e.jpg,ef3404867f6e.jpg,1,modern_grey,모던 그레이,modern grey industrial studio,"modern,grey",,False,ohou.se,
ef861f7db867.jpg,ef861f7db867.jpg,4,plant_green,플랜트 그린,plant-filled green interior,"plant,green",,False,ohou.se,
eff8c4683e36.jpg,eff8c4683e36.jpg,6,monochrome_minimal,모노톤 미니멀,monochrome minimalist interior,"monochrome,minimal",,False,ohou.se,
eff9261c701a.jpg,eff9261c701a.jpg,2,minimal_white,미니멀 화이트,minimal white scandinavian room,"minimal,white",,False,ohou.se,
f00c36d6cce9.jpg,f00c36d6cce9.jpg,8,vintage_retro,빈티지 레트로,vintage retro small room,"vintage,retro",,False,ohou.se,
f02772681303.jpg,f02772681303.jpg,8,vintage_retro,빈티지 레트로,vintage retro small room,"vintage,retro",,False,ohou.se,
f04760831452.jpg,f04760831452.jpg,2,minimal_white,미니멀 화이트,minimal white scandinavian room,"minimal,white",,False,ohou.se,
f04fd6e95f88.jpg,f04fd6e95f88.jpg,6,monochrome_minimal,모노톤 미니멀,monochrome minimalist interior,"monochrome,minimal",,False,ohou.se,
f09bd74b11cf.jpg,f09bd74b11cf.jpg,1,modern_grey,모던 그레이,modern grey industrial studio,"modern,grey",,False,ohou.se,
f132dad6e35b.jpg,f132dad6e35b.jpg,2,minimal_white,미니멀 화이트,minimal white scandinavian room,"minimal,white",,False,ohou.se,
f140fc87a1bf.jpg,f140fc87a1bf.jpg,2,minimal_white,미니멀 화이트,minimal white scandinavian room,"minimal,white",,False,ohou.se,
f1b57b8842d4.jpg,f1b57b8842d4.jpg,1,modern_grey,모던 그레이,modern grey industrial studio,"modern,grey",,False,ohou.se,
f1c10414d617.jpg,f1c10414d617.jpg,7,natural_wood,내추럴 우드,natural wood tone small room,"natural,wood",,False,ohou.se,
f1d16c12f488.jpg,f1d16c12f488.jpg,8,vintage_retro,빈티지 레트로,vintage retro small room,"vintage,retro",,False,ohou.se,
f22f55a49a29.jpg,f22f55a49a29.jpg,8,vintage_retro,빈티지 레트로,vintage retro small room,"vintage,retro",,False,ohou.se,
f23a51f78f87.jpg,f23a51f78f87.jpg,8,vintage_retro,빈티지 레트로,vintage retro small room,"vintage,retro",,False,ohou.se,
f23ea9662624.jpeg,f23ea9662624.jpeg,8,vintage_retro,빈티지 레트로,vintage retro small room,"vintage,retro",,False,ohou.se,
f27c66b0943a.jpg,f27c66b0943a.jpg,1,modern_grey,모던 그레이,modern grey industrial studio,"modern,grey",,False,ohou.se,
f2c97178237e.jpg,f2c97178237e.jpg,8,vintage_retro,빈티지 레트로,vintage retro small room,"vintage,retro",,False,ohou.se,
f2c9ad02de34.jpg,f2c9ad02de34.jpg,2,minimal_white,미니멀 화이트,minimal white scandinavian room,"minimal,white",,False,ohou.se,
f2cfb141ca50.jpg,f2cfb141ca50.jpg,5,warm_cozy,따뜻한 코지 원룸,warm cozy studio apartment interior,"warm,cozy",,False,ohou.se,
f36621cca2e7.jpg,f36621cca2e7.jpg,6,monochrome_minimal,모노톤 미니멀,monochrome minimalist interior,"monochrome,minimal",,False,ohou.se,
f3a691c2aa71.jpg,f3a691c2aa71.jpg,2,minimal_white,미니멀 화이트,minimal white scandinavian room,"minimal,white",,False,ohou.se,
f3bb7ac441c5.webp,f3bb7ac441c5.webp,6,monochrome_minimal,모노톤 미니멀,monochrome minimalist interior,"monochrome,minimal",,False,ohou.se,
f3ee9ebdd449.jpeg,f3ee9ebdd449.jpeg,3,luxury_modern,럭셔리 모던,luxury modern studio apartment,"luxury,modern",,True,ohou.se,
f40b96dfe8d8.jpg,f40b96dfe8d8.jpg,1,modern_grey,모던 그레이,modern grey industrial studio,"modern,grey",,False,ohou.se,
f44d9ca50a1d.jpg,f44d9ca50a1d.jpg,8,vintage_retro,빈티지 레트로,vintage retro small room,"vintage,retro",,False,ohou.se,
f4a1dda666f7.jpg,f4a1dda666f7.jpg,3,luxury_modern,럭셔리 모던,luxury modern studio apartment,"luxury,modern",,False,ohou.se,
f4a70d6c3042.jpg,f4a70d6c3042.jpg,2,minimal_white,미니멀 화이트,minimal white scandinavian room,"minimal,white",,False,ohou.se,
f4cd7573ffca.jpeg,f4cd7573ffca.jpeg,3,luxury_modern,럭셔리 모던,luxury modern studio apartment,"luxury,modern",,False,ohou.se,
f4e4656ce1aa.jpg,f4e4656ce1aa.jpg,0,cute_pastel,파스텔 귀여운,cute pastel room decor,"cute,pastel",,False,ohou.se,
f58a58420337.jpg,f58a58420337.jpg,3,luxury_modern,럭셔리 모던,luxury modern studio apartment,"luxury,modern",,False,ohou.se,
f5a18852eabd.jpg,f5a18852eabd.jpg,4,plant_green,플랜트 그린,plant-filled green interior,"plant,green",,False,ohou.se,
f5b6ca1ef591.webp,f5b6ca1ef591.webp,1,modern_grey,모던 그레이,modern grey industrial studio,"modern,grey",,False,ohou.se,
f5d17937ff51.jpg,f5d17937ff51.jpg,4,plant_green,플랜트 그린,plant-filled green interior,"plant,green",,False,ohou.se,
f61e3c38f7eb.jpg,f61e3c38f7eb.jpg,1,modern_grey,모던 그레이,modern grey industrial studio,"modern,grey",,False,ohou.se,
f6326c4529f7.webp,f6326c4529f7.webp,1,modern_grey,모던 그레이,modern grey industrial studio,"modern,grey",,False,ohou.se,
f6473b07dcfe.jpg,f6473b07dcfe.jpg,8,vintage_retro,빈티지 레트로,vintage retro small room,"vintage,retro",,False,ohou.se,
f663a1276ff2.jpg,f663a1276ff2.jpg,1,modern_grey,모던 그레이,modern grey industrial studio,"modern,grey",,False,ohou.se,
f6b7a05dac5c.jpg,f6b7a05dac5c.jpg,6,monochrome_minimal,모노톤 미니멀,monochrome minimalist interior,"monochrome,minimal",,False,ohou.se,
f709898b78db.jpg,f709898b78db.jpg,3,luxury_modern,럭셔리 모던,luxury modern studio apartment,"luxury,modern",,False,ohou.se,
f71e05355992.jpg,f71e05355992.jpg,2,minimal_white,미니멀 화이트,minimal white scandinavian room,"minimal,white",,False,ohou.se,
f730f14c094c.jpg,f730f14c094c.jpg,6,monochrome_minimal,모노톤 미니멀,monochrome minimalist interior,"monochrome,minimal",,False,ohou.se,
f75d9225a764.jpg,f75d9225a764.jpg,8,vintage_retro,빈티지 레트로,vintage retro small room,"vintage,retro",,False,ohou.se,
f771714380a0.jpg,f771714380a0.jpg,3,luxury_modern,럭셔리 모던,luxury modern studio apartment,"luxury,modern",,False,ohou.se,
f7809e0659f1.jpg,f7809e0659f1.jpg,4,plant_green,플랜트 그린,plant-filled green interior,"plant,green",,False,ohou.se,
f7886b8bd678.jpg,f7886b8bd678.jpg,5,warm_cozy,따뜻한 코지 원룸,warm cozy studio apartment interior,"warm,cozy",,True,ohou.se,
f7a5ff3cd25b.jpg,f7a5ff3cd25b.jpg,1,modern_grey,모던 그레이,modern grey industrial studio,"modern,grey",,False,ohou.se,
f7b664377892.jpg,f7b664377892.jpg,1,modern_grey,모던 그레이,modern grey industrial studio,"modern,grey",,False,ohou.se,
f822957dd995.jpg,f822957dd995.jpg,0,cute_pastel,파스텔 귀여운,cute pastel room decor,"cute,pastel",,False,ohou.se,
f86a1eb5de44.jpg,f86a1eb5de44.jpg,3,luxury_modern,럭셔리 모던,luxury modern studio apartment,"luxury,modern",,False,ohou.se,
f8757c0f7212.jpg,f8757c0f7212.jpg,1,modern_grey,모던 그레이,modern grey industrial studio,"modern,grey",,False,ohou.se,
f9442a9351db.jpeg,f9442a9351db.jpeg,3,luxury_modern,럭셔리 모던,luxury modern studio apartment,"luxury,modern",,False,ohou.se,
f95bde9cb17f.jpg,f95bde9cb17f.jpg,4,plant_green,플랜트 그린,plant-filled green interior,"plant,green",,False,ohou.se,
f9a363b0b937.jpg,f9a363b0b937.jpg,0,cute_pastel,파스텔 귀여운,cute pastel room decor,"cute,pastel",,False,ohou.se,
fa1ee74384a1.jpg,fa1ee74384a1.jpg,0,cute_pastel,파스텔 귀여운,cute pastel room decor,"cute,pastel",,False,ohou.se,
fa3e9320789f.jpg,fa3e9320789f.jpg,4,plant_green,플랜트 그린,plant-filled green interior,"plant,green",,False,ohou.se,
fa5fa02a38be.jpg,fa5fa02a38be.jpg,6,monochrome_minimal,모노톤 미니멀,monochrome minimalist interior,"monochrome,minimal",,False,ohou.se,
faae8b87e206.jpg,faae8b87e206.jpg,0,cute_pastel,파스텔 귀여운,cute pastel room decor,"cute,pastel",,False,ohou.se,
fac2822a3366.jpg,fac2822a3366.jpg,6,monochrome_minimal,모노톤 미니멀,monochrome minimalist interior,"monochrome,minimal",,False,ohou.se,
fb00af028e83.jpg,fb00af028e83.jpg,1,modern_grey,모던 그레이,modern grey industrial studio,"modern,grey",,False,ohou.se,
fbe2cd75d443.jpg,fbe2cd75d443.jpg,6,monochrome_minimal,모노톤 미니멀,monochrome minimalist interior,"monochrome,minimal",,False,ohou.se,
fc137b598a8a.webp,fc137b598a8a.webp,2,minimal_white,미니멀 화이트,minimal white scandinavian room,"minimal,white",,False,ohou.se,
fc1897fd7073.jpg,fc1897fd7073.jpg,6,monochrome_minimal,모노톤 미니멀,monochrome minimalist interior,"monochrome,minimal",,False,ohou.se,
fc6cf46af4c1.jpg,fc6cf46af4c1.jpg,6,monochrome_minimal,모노톤 미니멀,monochrome minimalist interior,"monochrome,minimal",,False,ohou.se,
fc7196741518.jpg,fc7196741518.jpg,8,vintage_retro,빈티지 레트로,vintage retro small room,"vintage,retro",,False,ohou.se,
fcdbf3cc238d.jpg,fcdbf3cc238d.jpg,8,vintage_retro,빈티지 레트로,vintage retro small room,"vintage,retro",,False,ohou.se,
fcfaeb7c7cc1.jpg,fcfaeb7c7cc1.jpg,4,plant_green,플랜트 그린,plant-filled green interior,"plant,green",,False,ohou.se,
fd658acfbdcc.jpg,fd658acfbdcc.jpg,4,plant_green,플랜트 그린,plant-filled green interior,"plant,green",,False,ohou.se,
fdc978028891.jpg,fdc978028891.jpg,1,modern_grey,모던 그레이,modern grey industrial studio,"modern,grey",,False,ohou.se,
fe2d5fff94f1.jpg,fe2d5fff94f1.jpg,4,plant_green,플랜트 그린,plant-filled green interior,"plant,green",,False,ohou.se,
fe50e9ccf465.jpg,fe50e9ccf465.jpg,6,monochrome_minimal,모노톤 미니멀,monochrome minimalist interior,"monochrome,minimal",,False,ohou.se,
ff4cbaf36954.jpg,ff4cbaf36954.jpg,6,monochrome_minimal,모노톤 미니멀,monochrome minimalist interior,"monochrome,minimal",,False,ohou.se,
ff7caf70d2ec.jpg,ff7caf70d2ec.jpg,4,plant_green,플랜트 그린,plant-filled green interior,"plant,green",,False,ohou.se,
